Date,MinTemp,MaxTemp,Humidity,Pressure,Rainfall,RainToday
2021-01-01,11.1,21.7,55,1017,0.0,0
2021-01-02,10.8,23.4,44,1014,0.0,0
2021-01-03,10.7,18.9,47,1014,0.0,0
2021-01-04,9.9,20.6,47,1011,0.0,0
2021-01-05,10.4,19.5,52,1015,0.0,0
2021-01-06,9.6,23.0,47,1014,0.0,0
2021-01-07,10.3,19.9,59,1012,0.0,0
2021-01-08,13.6,23.3,55,1016,0.0,0
2021-01-09,10.1,20.9,42,1014,0.0,0
2021-01-10,8.6,20.0,43,1016,0.0,0
2021-01-11,9.3,22.2,53,1017,0.0,0
2021-01-12,9.9,20.3,43,1018,0.0,0
2021-01-13,8.7,19.3,57,1017,0.0,0
2021-01-14,8.8,21.0,54,1016,0.0,0
2021-01-15,10.0,23.3,30,1018,0.0,0
2021-01-16,8.4,22.7,49,1015,0.0,0
2021-01-17,12.0,20.5,51,1014,0.0,0
2021-01-18,10.9,23.1,50,1016,0.0,0
2021-01-19,10.5,23.0,43,1015,0.0,0
2021-01-20,12.0,21.2,39,1017,0.0,0
2021-01-21,10.2,20.6,51,1016,0.0,0
2021-01-22,9.5,24.0,43,1012,0.0,0
2021-01-23,10.8,25.7,41,1016,0.0,0
2021-01-24,11.3,22.2,56,1012,0.0,0
2021-01-25,11.9,20.9,64,1011,0.0,0
2021-01-26,10.0,22.5,44,1017,0.0,0
2021-01-27,11.3,21.8,43,1016,0.0,0
2021-01-28,11.9,21.3,58,1014,0.0,0
2021-01-29,10.4,22.3,54,1012,0.0,0
2021-01-30,13.1,26.7,43,1015,0.0,0
2021-01-31,11.9,24.2,40,1013,0.0,0
2021-02-01,12.4,25.0,49,1017,1.0,1
2021-02-02,12.0,21.5,60,1016,0.0,0
2021-02-03,10.7,24.6,51,1013,0.0,0
2021-02-04,12.4,25.0,42,1016,0.0,0
2021-02-05,11.0,22.5,49,1015,0.0,0
2021-02-06,13.6,24.6,67,1013,0.0,0
2021-02-07,13.0,22.7,47,1016,0.0,0
2021-02-08,12.2,25.2,44,1016,0.0,0
2021-02-09,11.9,25.5,46,1012,0.0,0
2021-02-10,13.3,27.0,46,1013,0.0,0
2021-02-11,12.7,22.8,55,1015,0.0,0
2021-02-12,11.6,26.7,47,1013,0.0,0
2021-02-13,13.4,30.5,41,1017,0.0,0
2021-02-14,13.2,25.1,42,1012,0.0,0
2021-02-15,12.4,25.1,61,1009,0.0,0
2021-02-16,12.7,25.4,42,1014,0.0,0
2021-02-17,12.5,26.5,40,1015,0.0,0
2021-02-18,16.4,28.5,57,1015,0.0,0
2021-02-19,11.3,26.2,38,1016,0.0,0
2021-02-20,12.9,28.7,38,1014,0.0,0
2021-02-21,16.2,27.1,43,1016,0.0,0
2021-02-22,14.7,29.2,35,1018,0.0,0
2021-02-23,15.9,25.9,56,1015,0.0,0
2021-02-24,14.5,25.8,42,1014,0.0,0
2021-02-25,16.7,25.3,53,1013,0.0,0
2021-02-26,15.0,31.2,42,1016,0.0,0
2021-02-27,15.3,27.0,50,1012,0.0,0
2021-02-28,13.0,30.1,34,1019,0.0,0
2021-03-01,15.2,29.3,46,1012,0.0,0
2021-03-02,16.6,27.9,46,1012,0.0,0
2021-03-03,16.8,29.3,52,1014,0.0,0
2021-03-04,16.6,28.0,39,1011,0.0,0
2021-03-05,16.8,29.0,47,1015,0.0,0
2021-03-06,15.8,30.0,44,1015,0.0,0
2021-03-07,17.3,29.4,50,1012,0.0,0
2021-03-08,18.9,31.7,36,1013,0.0,0
2021-03-09,18.2,31.5,49,1014,0.0,0
2021-03-10,16.1,30.5,31,1017,0.0,0
2021-03-11,16.1,30.3,46,1011,0.0,0
2021-03-12,16.8,31.3,46,1014,0.0,0
2021-03-13,15.7,29.2,41,1012,0.0,0
2021-03-14,15.2,33.9,32,1013,0.0,0
2021-03-15,18.2,30.5,51,1015,0.0,0
2021-03-16,16.3,30.7,41,1013,0.0,0
2021-03-17,18.4,32.2,45,1010,0.0,0
2021-03-18,21.1,33.0,46,1015,0.0,0
2021-03-19,19.5,32.9,59,1009,0.0,0
2021-03-20,18.5,30.7,54,1007,0.0,0
2021-03-21,19.2,35.8,44,1010,0.0,0
2021-03-22,19.9,35.4,45,1011,0.0,0
2021-03-23,20.5,32.7,38,1015,0.0,0
2021-03-24,19.6,34.0,29,1011,0.0,0
2021-03-25,19.5,33.8,41,1013,0.0,0
2021-03-26,18.0,34.7,44,1014,0.0,0
2021-03-27,20.2,33.0,56,1010,0.0,0
2021-03-28,20.1,36.1,46,1011,0.0,0
2021-03-29,20.9,36.6,35,1013,0.0,0
2021-03-30,18.2,36.9,39,1011,0.0,0
2021-03-31,22.2,35.0,57,1007,0.0,0
2021-04-01,20.6,36.3,39,1007,0.0,0
2021-04-02,18.3,35.2,30,1013,0.0,0
2021-04-03,19.6,36.2,43,1010,0.0,0
2021-04-04,19.9,36.4,35,1009,0.0,0
2021-04-05,19.5,35.6,40,1006,0.0,0
2021-04-06,20.5,36.4,39,1010,0.0,0
2021-04-07,20.7,37.1,35,1008,0.0,0
2021-04-08,19.9,38.5,44,1009,0.0,0
2021-04-09,22.9,35.2,48,1011,0.0,0
2021-04-10,21.9,35.4,36,1010,0.0,0
2021-04-11,22.0,37.0,36,1008,0.0,0
2021-04-12,24.4,38.5,44,1012,0.0,0
2021-04-13,25.4,38.9,42,1012,0.0,0
2021-04-14,21.6,35.5,50,1012,0.0,0
2021-04-15,22.9,38.0,40,1009,0.0,0
2021-04-16,22.2,37.3,38,1007,0.0,0
2021-04-17,20.1,39.1,35,1009,0.0,0
2021-04-18,22.5,39.3,41,1007,0.0,0
2021-04-19,25.8,40.7,48,1006,0.0,0
2021-04-20,22.5,35.7,36,1009,0.0,0
2021-04-21,21.7,39.7,29,1010,0.0,0
2021-04-22,22.8,38.7,35,1008,0.0,0
2021-04-23,23.0,39.8,45,1009,0.0,0
2021-04-24,20.8,37.6,42,1007,0.0,0
2021-04-25,24.1,39.0,45,1011,0.0,0
2021-04-26,24.4,38.4,41,1007,0.0,0
2021-04-27,24.8,40.7,27,1009,0.0,0
2021-04-28,25.6,38.6,34,1006,0.0,0
2021-04-29,25.6,38.0,38,1007,0.0,0
2021-04-30,25.4,36.1,53,1008,0.0,0
2021-05-01,24.7,40.4,35,1007,0.0,0
2021-05-02,25.4,43.0,37,1008,0.0,0
2021-05-03,23.4,38.5,51,1007,0.0,0
2021-05-04,26.0,39.0,45,1004,0.0,0
2021-05-05,24.4,39.1,48,1008,0.0,0
2021-05-06,25.5,42.8,32,1005,0.0,0
2021-05-07,25.3,41.4,34,1002,0.0,0
2021-05-08,25.5,34.7,61,1002,16.6,1
2021-05-09,25.9,40.6,38,1007,0.0,0
2021-05-10,23.8,43.2,33,1007,0.0,0
2021-05-11,24.3,40.3,40,1008,0.0,0
2021-05-12,24.9,40.4,47,1004,3.3,1
2021-05-13,26.7,37.2,51,1006,0.0,0
2021-05-14,25.4,43.3,34,1003,0.0,0
2021-05-15,25.9,38.9,51,1004,0.0,0
2021-05-16,28.2,42.7,42,1003,0.0,0
2021-05-17,26.0,41.0,38,1006,0.0,0
2021-05-18,26.3,40.4,41,1004,0.0,0
2021-05-19,29.2,38.8,62,998,0.0,0
2021-05-20,27.6,37.1,52,1003,0.0,0
2021-05-21,26.0,40.8,47,1002,0.0,0
2021-05-22,27.3,41.7,48,1002,1.0,1
2021-05-23,25.6,40.4,35,1006,0.0,0
2021-05-24,27.2,38.0,53,1004,0.0,0
2021-05-25,25.0,40.2,45,1003,0.8,1
2021-05-26,26.7,37.2,58,1003,0.0,0
2021-05-27,24.9,37.6,55,1000,0.0,0
2021-05-28,24.9,41.3,26,1009,0.0,0
2021-05-29,27.6,38.4,49,1006,0.0,0
2021-05-30,26.8,35.7,47,1005,0.0,0
2021-05-31,24.9,38.2,36,1005,0.0,0
2021-06-01,27.8,36.7,75,1000,24.2,1
2021-06-02,24.3,35.8,71,1001,0.0,0
2021-06-03,26.2,37.8,68,1003,0.0,0
2021-06-04,25.5,35.3,71,1003,0.0,0
2021-06-05,29.1,36.7,78,1001,0.8,1
2021-06-06,27.4,31.2,78,997,9.1,1
2021-06-07,26.9,32.7,84,997,6.3,1
2021-06-08,25.4,37.9,65,1004,0.0,0
2021-06-09,26.7,33.8,75,995,29.1,1
2021-06-10,27.8,33.0,76,995,96.8,1
2021-06-11,27.4,36.3,77,998,0.9,1
2021-06-12,25.6,37.4,73,1002,0.0,0
2021-06-13,26.3,36.9,69,1002,0.0,0
2021-06-14,27.2,31.8,83,995,8.4,1
2021-06-15,28.2,33.0,81,1001,0.6,1
2021-06-16,27.1,36.6,73,1003,0.0,0
2021-06-17,28.1,35.4,71,997,0.0,0
2021-06-18,26.4,34.4,72,998,0.0,0
2021-06-19,24.6,32.9,72,1001,0.0,0
2021-06-20,28.0,34.3,79,1001,4.1,1
2021-06-21,27.0,35.2,78,1004,4.4,1
2021-06-22,26.1,33.6,75,1002,0.0,0
2021-06-23,26.3,30.5,82,999,37.3,1
2021-06-24,29.6,33.8,76,997,6.9,1
2021-06-25,27.4,35.7,73,1000,0.0,0
2021-06-26,25.0,29.7,77,1001,5.6,1
2021-06-27,26.6,32.5,86,995,9.5,1
2021-06-28,27.3,30.0,81,998,44.5,1
2021-06-29,27.8,31.8,83,998,46.9,1
2021-06-30,26.3,30.2,82,995,37.6,1
2021-07-01,26.7,33.6,73,1001,0.0,0
2021-07-02,28.3,31.4,81,995,72.6,1
2021-07-03,26.6,33.9,77,998,1.6,1
2021-07-04,24.2,34.6,73,1000,0.0,0
2021-07-05,25.7,31.5,83,995,13.1,1
2021-07-06,24.6,28.0,82,995,5.6,1
2021-07-07,24.8,31.7,78,997,22.5,1
2021-07-08,26.2,33.2,77,1000,0.8,1
2021-07-09,24.7,34.9,75,1001,0.0,0
2021-07-10,26.5,29.2,82,998,31.6,1
2021-07-11,27.7,30.7,75,997,25.6,1
2021-07-12,25.2,32.4,72,1000,0.0,0
2021-07-13,25.6,26.2,79,991,7.7,1
2021-07-14,24.9,29.2,78,995,26.8,1
2021-07-15,26.3,29.0,81,997,1.9,1
2021-07-16,24.8,31.6,85,999,5.0,1
2021-07-17,27.6,30.1,80,994,45.1,1
2021-07-18,27.2,28.3,86,996,22.8,1
2021-07-19,25.1,31.2,78,1000,0.0,0
2021-07-20,24.6,27.8,81,999,17.9,1
2021-07-21,24.5,32.7,75,999,0.0,0
2021-07-22,25.5,26.9,83,997,12.3,1
2021-07-23,26.0,29.6,84,995,45.6,1
2021-07-24,26.5,29.4,88,1001,3.2,1
2021-07-25,26.3,32.1,77,998,0.0,0
2021-07-26,26.1,31.2,73,999,0.0,0
2021-07-27,26.6,27.8,89,992,11.0,1
2021-07-28,26.9,30.6,75,999,4.2,1
2021-07-29,23.1,28.7,75,1000,21.2,1
2021-07-30,26.6,29.7,83,996,19.5,1
2021-07-31,25.1,30.7,80,997,1.0,1
2021-08-01,25.3,29.9,80,1000,1.0,1
2021-08-02,25.6,29.0,78,999,14.9,1
2021-08-03,24.3,30.4,78,995,44.7,1
2021-08-04,25.4,34.4,80,1000,0.8,1
2021-08-05,25.6,32.0,74,1001,0.0,0
2021-08-06,27.3,29.6,84,997,0.0,0
2021-08-07,26.5,28.4,82,1000,46.5,1
2021-08-08,26.5,30.3,82,998,37.6,1
2021-08-09,23.7,26.3,76,1001,6.1,1
2021-08-10,25.4,26.5,85,999,10.6,1
2021-08-11,24.6,31.1,74,997,0.0,0
2021-08-12,26.4,30.9,82,999,28.0,1
2021-08-13,26.0,29.1,80,998,60.0,1
2021-08-14,23.0,30.9,73,998,0.0,0
2021-08-15,22.7,29.8,82,999,11.8,1
2021-08-16,23.8,29.7,84,996,18.5,1
2021-08-17,26.6,27.9,78,997,66.6,1
2021-08-18,24.6,27.9,80,995,40.4,1
2021-08-19,25.8,28.3,84,996,24.3,1
2021-08-20,27.5,28.6,85,995,5.5,1
2021-08-21,26.0,34.5,74,998,0.0,0
2021-08-22,25.2,27.9,81,995,12.4,1
2021-08-23,25.1,30.4,73,1002,0.0,0
2021-08-24,24.0,28.1,77,995,16.2,1
2021-08-25,25.0,26.6,82,999,8.7,1
2021-08-26,26.7,30.0,77,997,69.6,1
2021-08-27,24.8,26.1,80,995,9.5,1
2021-08-28,23.3,29.2,82,997,21.6,1
2021-08-29,24.7,29.0,81,1000,8.0,1
2021-08-30,22.3,32.2,71,997,0.0,0
2021-08-31,25.5,27.7,80,999,5.2,1
2021-09-01,24.0,33.3,58,1004,0.0,0
2021-09-02,24.2,30.4,65,1000,0.0,0
2021-09-03,24.5,31.8,57,1003,0.0,0
2021-09-04,24.4,32.8,65,1003,0.0,0
2021-09-05,21.3,31.7,50,1001,0.0,0
2021-09-06,24.4,32.5,57,1004,0.0,0
2021-09-07,20.8,32.1,52,1002,0.0,0
2021-09-08,26.1,33.6,57,1006,0.0,0
2021-09-09,23.5,31.2,56,1002,0.0,0
2021-09-10,23.7,32.1,58,1003,0.0,0
2021-09-11,22.3,33.2,54,1008,0.0,0
2021-09-12,22.5,31.5,48,1001,0.0,0
2021-09-13,25.2,33.0,57,1003,0.0,0
2021-09-14,23.4,32.5,46,1005,2.3,1
2021-09-15,24.0,32.8,56,1002,0.0,0
2021-09-16,22.6,31.9,61,1002,0.0,0
2021-09-17,22.2,29.6,68,1003,0.0,0
2021-09-18,25.0,30.3,54,1004,0.0,0
2021-09-19,26.1,31.1,68,1004,0.0,0
2021-09-20,22.6,32.3,47,1005,0.0,0
2021-09-21,25.6,32.2,58,1005,0.0,0
2021-09-22,22.0,33.9,43,1003,0.0,0
2021-09-23,21.6,32.8,57,1006,0.0,0
2021-09-24,23.4,34.0,44,1005,0.0,0
2021-09-25,24.1,32.8,59,1009,0.0,0
2021-09-26,24.1,34.7,56,1006,0.0,0
2021-09-27,21.7,30.7,49,1002,0.0,0
2021-09-28,22.7,32.2,51,1005,0.0,0
2021-09-29,22.2,33.2,56,1004,0.0,0
2021-09-30,22.7,30.8,64,1005,0.0,0
2021-10-01,22.3,33.8,51,1004,0.0,0
2021-10-02,21.2,31.9,56,1007,0.0,0
2021-10-03,22.7,32.0,56,1009,0.0,0
2021-10-04,18.7,32.1,56,1007,0.0,0
2021-10-05,22.4,33.0,51,1004,2.4,1
2021-10-06,20.4,30.7,49,1008,0.0,0
2021-10-07,21.4,34.2,44,1005,0.0,0
2021-10-08,20.2,32.0,44,1009,0.0,0
2021-10-09,18.4,30.3,46,1006,0.0,0
2021-10-10,22.1,31.4,56,1009,0.0,0
2021-10-11,21.9,30.9,62,1005,0.0,0
2021-10-12,19.0,35.8,35,1009,0.0,0
2021-10-13,21.7,34.8,56,1009,0.0,0
2021-10-14,20.3,31.2,46,1008,0.0,0
2021-10-15,20.5,31.0,58,1009,0.0,0
2021-10-16,17.6,31.7,40,1005,0.0,0
2021-10-17,19.4,29.8,53,1009,0.0,0
2021-10-18,20.1,32.6,46,1007,0.0,0
2021-10-19,20.0,28.7,48,1009,0.0,0
2021-10-20,18.5,28.8,54,1008,0.0,0
2021-10-21,19.4,31.1,47,1010,0.0,0
2021-10-22,16.6,26.9,52,1012,0.0,0
2021-10-23,19.0,32.3,48,1007,0.0,0
2021-10-24,18.6,32.8,43,1009,0.0,0
2021-10-25,18.0,30.5,42,1008,0.0,0
2021-10-26,19.2,30.3,50,1008,0.0,0
2021-10-27,17.3,28.9,39,1008,0.0,0
2021-10-28,17.1,31.2,35,1010,0.0,0
2021-10-29,15.6,31.2,33,1016,0.0,0
2021-10-30,14.8,31.9,33,1009,0.0,0
2021-10-31,17.8,34.1,37,1011,0.0,0
2021-11-01,15.4,30.1,36,1005,0.0,0
2021-11-02,15.7,32.8,48,1008,0.0,0
2021-11-03,16.1,28.6,46,1013,0.0,0
2021-11-04,15.2,30.5,37,1010,0.0,0
2021-11-05,15.9,31.9,42,1011,0.0,0
2021-11-06,15.2,30.1,44,1011,0.0,0
2021-11-07,16.5,29.0,46,1017,0.0,0
2021-11-08,16.5,29.8,54,1009,0.0,0
2021-11-09,15.3,26.7,55,1009,0.0,0
2021-11-10,16.4,29.6,51,1010,0.0,0
2021-11-11,15.4,27.4,45,1014,0.0,0
2021-11-12,14.3,29.2,39,1011,0.0,0
2021-11-13,13.3,29.0,53,1009,0.0,0
2021-11-14,14.6,28.6,47,1012,0.0,0
2021-11-15,12.9,28.8,39,1014,0.0,0
2021-11-16,14.0,27.6,56,1012,0.0,0
2021-11-17,14.1,27.3,48,1011,0.0,0
2021-11-18,16.0,28.2,46,1008,0.0,0
2021-11-19,11.2,26.6,49,1012,0.0,0
2021-11-20,14.3,26.1,46,1012,0.0,0
2021-11-21,15.4,26.7,58,1015,0.0,0
2021-11-22,13.3,28.8,41,1013,0.0,0
2021-11-23,11.9,28.6,35,1014,0.0,0
2021-11-24,12.7,27.5,40,1015,0.0,0
2021-11-25,13.3,29.4,33,1012,0.0,0
2021-11-26,14.2,24.4,57,1013,0.0,0
2021-11-27,13.4,25.8,52,1016,0.0,0
2021-11-28,10.8,22.6,50,1015,0.0,0
2021-11-29,12.1,25.7,47,1013,0.0,0
2021-11-30,12.1,26.8,44,1014,0.0,0
2021-12-01,11.4,27.1,37,1016,0.0,0
2021-12-02,12.8,24.4,44,1014,0.0,0
2021-12-03,12.3,24.7,52,1010,0.0,0
2021-12-04,13.5,23.7,55,1015,0.0,0
2021-12-05,12.0,24.6,48,1016,0.0,0
2021-12-06,12.4,26.4,46,1015,0.0,0
2021-12-07,12.1,26.0,28,1017,0.0,0
2021-12-08,13.6,23.8,58,1013,0.0,0
2021-12-09,13.6,26.1,57,1015,0.0,0
2021-12-10,10.4,24.0,44,1009,0.0,0
2021-12-11,11.6,24.7,47,1017,0.0,0
2021-12-12,11.3,23.4,46,1010,0.0,0
2021-12-13,10.8,22.5,41,1014,0.0,0
2021-12-14,10.1,22.3,47,1014,2.1,1
2021-12-15,12.4,22.3,56,1019,0.0,0
2021-12-16,10.8,24.0,47,1013,0.0,0
2021-12-17,11.1,19.7,56,1016,0.0,0
2021-12-18,10.1,20.6,41,1012,0.0,0
2021-12-19,11.8,25.1,51,1013,0.0,0
2021-12-20,10.3,23.0,57,1016,0.0,0
2021-12-21,9.8,19.4,49,1014,0.0,0
2021-12-22,10.6,22.7,47,1013,0.0,0
2021-12-23,12.2,20.5,56,1008,8.2,1
2021-12-24,11.2,23.4,48,1013,0.0,0
2021-12-25,10.7,22.1,49,1011,0.0,0
2021-12-26,8.3,23.4,47,1017,0.0,0
2021-12-27,9.9,24.9,35,1018,0.0,0
2021-12-28,10.3,24.4,47,1016,0.0,0
2021-12-29,10.4,23.3,51,1011,0.0,0
2021-12-30,12.4,23.2,45,1018,0.0,0
2021-12-31,9.2,21.7,46,1017,0.0,0
2022-01-01,10.5,21.7,42,1018,0.0,0
2022-01-02,8.4,20.7,54,1018,0.0,0
2022-01-03,12.7,21.1,56,1012,0.0,0
2022-01-04,11.0,21.7,49,1015,0.0,0
2022-01-05,9.0,21.1,38,1015,0.0,0
2022-01-06,11.1,21.1,60,1015,0.0,0
2022-01-07,8.4,19.3,54,1011,0.0,0
2022-01-08,12.3,24.8,51,1016,0.0,0
2022-01-09,8.9,20.1,43,1014,0.0,0
2022-01-10,7.8,22.5,36,1017,0.0,0
2022-01-11,9.9,24.8,44,1017,0.0,0
2022-01-12,8.6,21.9,43,1015,0.0,0
2022-01-13,8.2,21.5,47,1019,0.0,0
2022-01-14,10.4,20.5,54,1014,0.0,0
2022-01-15,9.9,19.2,54,1015,0.0,0
2022-01-16,8.0,23.0,36,1015,0.0,0
2022-01-17,10.5,17.6,76,1012,0.0,0
2022-01-18,10.2,21.8,53,1016,0.0,0
2022-01-19,11.8,21.2,53,1017,0.0,0
2022-01-20,11.3,21.9,51,1014,0.0,0
2022-01-21,11.7,23.4,47,1014,0.0,0
2022-01-22,9.9,23.2,52,1016,0.0,0
2022-01-23,11.4,23.1,52,1014,0.0,0
2022-01-24,12.3,23.2,53,1017,0.0,0
2022-01-25,10.0,22.3,38,1013,0.0,0
2022-01-26,10.1,22.0,38,1016,0.0,0
2022-01-27,12.9,22.6,53,1015,0.0,0
2022-01-28,9.3,21.5,44,1013,0.0,0
2022-01-29,11.2,23.9,45,1016,0.0,0
2022-01-30,12.2,21.1,56,1015,0.0,0
2022-01-31,10.5,23.6,46,1017,0.0,0
2022-02-01,13.8,25.1,52,1014,0.0,0
2022-02-02,12.8,24.2,51,1017,0.0,0
2022-02-03,12.3,22.7,52,1011,0.0,0
2022-02-04,12.3,22.2,50,1015,0.0,0
2022-02-05,11.6,23.9,53,1013,0.0,0
2022-02-06,11.8,22.7,55,1013,0.0,0
2022-02-07,12.5,24.3,54,1014,0.0,0
2022-02-08,12.2,27.1,52,1012,0.0,0
2022-02-09,13.6,26.1,48,1015,0.0,0
2022-02-10,12.8,23.9,48,1015,0.0,0
2022-02-11,12.6,25.4,38,1011,0.0,0
2022-02-12,11.0,22.5,57,1013,0.0,0
2022-02-13,13.6,23.0,60,1013,0.0,0
2022-02-14,14.1,27.3,41,1014,0.0,0
2022-02-15,12.0,26.7,35,1018,0.0,0
2022-02-16,13.4,25.0,44,1012,0.0,0
2022-02-17,13.4,24.0,56,1012,3.9,1
2022-02-18,13.2,24.2,35,1015,0.0,0
2022-02-19,13.6,26.0,51,1014,0.0,0
2022-02-20,12.4,27.9,45,1016,0.0,0
2022-02-21,13.7,26.7,52,1012,0.0,0
2022-02-22,12.7,24.5,50,1014,0.0,0
2022-02-23,15.2,27.9,33,1013,0.0,0
2022-02-24,14.4,24.7,51,1017,0.0,0
2022-02-25,15.4,27.5,47,1012,0.0,0
2022-02-26,14.4,27.2,55,1014,0.0,0
2022-02-27,15.5,27.3,41,1017,0.0,0
2022-02-28,14.3,26.3,47,1014,0.0,0
2022-03-01,15.8,29.3,39,1014,0.0,0
2022-03-02,13.7,28.9,54,1013,0.0,0
2022-03-03,16.8,27.9,64,1008,0.0,0
2022-03-04,14.2,28.7,41,1015,0.0,0
2022-03-05,16.2,29.8,42,1010,0.0,0
2022-03-06,16.5,28.6,51,1013,0.0,0
2022-03-07,16.3,28.0,44,1015,0.0,0
2022-03-08,15.5,30.8,50,1013,0.0,0
2022-03-09,17.5,30.0,51,1010,0.0,0
2022-03-10,18.0,29.9,46,1013,0.0,0
2022-03-11,17.1,30.1,42,1013,0.0,0
2022-03-12,18.2,30.8,43,1015,0.0,0
2022-03-13,17.8,31.5,45,1013,0.0,0
2022-03-14,16.8,32.7,28,1015,0.0,0
2022-03-15,17.0,30.9,35,1013,0.0,0
2022-03-16,17.5,33.0,41,1013,0.0,0
2022-03-17,18.8,36.1,32,1015,0.0,0
2022-03-18,18.1,33.8,40,1015,0.0,0
2022-03-19,19.0,30.6,46,1010,0.0,0
2022-03-20,15.5,33.1,39,1013,0.0,0
2022-03-21,20.1,34.1,38,1013,0.0,0
2022-03-22,16.8,33.6,35,1012,0.0,0
2022-03-23,20.0,29.5,50,1009,0.0,0
2022-03-24,20.1,31.8,53,1011,0.0,0
2022-03-25,18.2,31.9,50,1012,0.0,0
2022-03-26,20.6,33.6,43,1014,0.0,0
2022-03-27,19.1,34.5,52,1011,0.0,0
2022-03-28,20.4,36.4,44,1008,0.0,0
2022-03-29,21.3,35.7,43,1009,0.0,0
2022-03-30,21.0,34.4,49,1012,0.0,0
2022-03-31,21.4,34.8,52,1012,0.0,0
2022-04-01,21.6,34.2,44,1008,0.0,0
2022-04-02,22.0,36.7,46,1010,0.0,0
2022-04-03,19.6,34.9,45,1012,0.0,0
2022-04-04,21.0,36.4,46,1008,0.0,0
2022-04-05,21.8,35.9,44,1009,0.0,0
2022-04-06,21.1,36.5,43,1013,0.0,0
2022-04-07,21.0,35.0,48,1008,0.0,0
2022-04-08,20.9,37.6,45,1013,0.0,0
2022-04-09,21.4,36.9,30,1011,0.0,0
2022-04-10,23.5,34.6,58,1006,0.0,0
2022-04-11,21.6,34.5,40,1012,0.0,0
2022-04-12,23.0,37.0,53,1011,0.0,0
2022-04-13,22.1,35.4,43,1009,0.0,0
2022-04-14,22.1,35.1,38,1009,0.0,0
2022-04-15,22.6,36.4,50,1010,0.0,0
2022-04-16,21.7,35.5,40,1008,0.0,0
2022-04-17,22.0,36.6,44,1009,0.0,0
2022-04-18,23.1,38.5,42,1007,0.0,0
2022-04-19,21.7,39.5,41,1006,0.0,0
2022-04-20,21.5,39.8,39,1005,0.0,0
2022-04-21,24.2,39.0,45,1005,0.0,0
2022-04-22,22.6,41.1,34,1008,0.0,0
2022-04-23,24.4,38.6,50,1006,0.0,0
2022-04-24,22.8,38.6,42,1008,0.0,0
2022-04-25,23.4,36.5,57,1009,0.0,0
2022-04-26,25.0,37.5,49,1008,2.4,1
2022-04-27,23.3,37.8,53,1006,0.0,0
2022-04-28,23.5,39.6,43,1008,0.0,0
2022-04-29,22.6,39.6,46,1008,0.0,0
2022-04-30,23.5,39.5,44,1006,0.0,0
2022-05-01,22.4,39.9,41,1006,0.0,0
2022-05-02,24.3,41.8,29,1009,0.0,0
2022-05-03,22.8,36.6,48,1007,0.0,0
2022-05-04,24.1,41.1,35,1007,0.0,0
2022-05-05,24.1,39.9,45,1006,0.0,0
2022-05-06,24.4,42.2,28,1009,0.0,0
2022-05-07,25.8,38.5,48,1006,0.0,0
2022-05-08,24.8,39.3,37,1005,0.0,0
2022-05-09,22.7,41.1,41,1005,0.0,0
2022-05-10,26.1,40.0,44,1006,0.0,0
2022-05-11,26.3,40.5,50,1001,0.0,0
2022-05-12,26.0,40.1,50,1006,0.0,0
2022-05-13,25.2,43.1,29,1007,0.0,0
2022-05-14,26.5,39.4,44,1005,0.0,0
2022-05-15,26.0,43.5,35,1007,0.0,0
2022-05-16,25.7,40.5,57,1005,0.0,0
2022-05-17,25.9,39.9,40,1004,0.0,0
2022-05-18,27.3,43.7,29,1002,0.0,0
2022-05-19,27.4,42.0,43,1002,0.0,0
2022-05-20,26.5,41.6,36,1005,0.0,0
2022-05-21,25.8,38.8,49,1003,0.0,0
2022-05-22,27.2,39.5,48,1001,0.0,0
2022-05-23,26.2,38.5,60,1005,0.0,0
2022-05-24,26.6,42.1,43,1005,0.0,0
2022-05-25,23.8,39.0,40,1007,0.0,0
2022-05-26,25.4,39.0,52,1002,0.0,0
2022-05-27,26.0,40.3,47,1004,0.0,0
2022-05-28,25.7,39.0,53,1002,0.0,0
2022-05-29,25.1,37.5,40,1001,0.0,0
2022-05-30,25.7,35.0,60,1005,0.0,0
2022-05-31,26.2,41.3,44,1007,0.0,0
2022-06-01,27.1,40.1,75,1003,0.0,0
2022-06-02,25.2,37.8,77,1004,4.2,1
2022-06-03,26.8,34.2,76,998,20.1,1
2022-06-04,28.9,39.0,74,998,0.0,0
2022-06-05,25.6,36.2,70,1000,0.0,0
2022-06-06,27.7,36.7,71,1001,0.0,0
2022-06-07,25.6,39.0,74,1003,0.0,0
2022-06-08,27.9,32.7,78,998,8.7,1
2022-06-09,25.6,37.4,67,1002,0.0,0
2022-06-10,27.5,37.1,73,1002,0.0,0
2022-06-11,25.7,38.1,71,1000,0.0,0
2022-06-12,27.3,29.7,79,997,50.3,1
2022-06-13,27.3,36.1,78,997,2.3,1
2022-06-14,27.8,36.3,72,1000,0.0,0
2022-06-15,28.4,34.3,72,1002,0.0,0
2022-06-16,27.7,33.3,77,999,21.7,1
2022-06-17,27.1,32.9,76,1000,10.9,1
2022-06-18,27.4,31.6,83,1001,1.3,1
2022-06-19,29.2,33.9,76,1003,4.1,1
2022-06-20,29.2,34.6,84,1002,3.8,1
2022-06-21,28.3,33.4,79,996,24.3,1
2022-06-22,28.7,35.7,80,1000,0.0,0
2022-06-23,25.6,38.9,67,1000,0.0,0
2022-06-24,27.2,33.9,85,1002,1.3,1
2022-06-25,26.6,30.3,79,996,47.3,1
2022-06-26,27.4,32.8,83,998,0.0,0
2022-06-27,27.0,32.3,83,995,9.1,1
2022-06-28,27.0,31.6,75,997,5.8,1
2022-06-29,24.5,33.0,74,1001,0.0,0
2022-06-30,25.9,33.1,75,997,0.0,0
2022-07-01,26.0,34.0,81,998,2.0,1
2022-07-02,24.2,30.4,81,997,19.2,1
2022-07-03,24.7,34.5,72,999,0.0,0
2022-07-04,27.5,29.4,80,995,28.5,1
2022-07-05,26.9,29.9,80,993,100.2,1
2022-07-06,26.3,28.5,80,999,40.2,1
2022-07-07,24.3,31.5,84,998,4.9,1
2022-07-08,28.6,32.8,87,995,17.8,1
2022-07-09,26.5,31.1,78,997,4.5,1
2022-07-10,25.5,33.9,72,1000,0.0,0
2022-07-11,25.5,32.4,77,994,35.1,1
2022-07-12,25.3,31.4,77,1000,0.1,0
2022-07-13,26.5,30.5,84,998,13.6,1
2022-07-14,27.1,29.5,77,994,14.0,1
2022-07-15,26.0,30.3,88,995,0.0,0
2022-07-16,25.4,34.1,75,1000,0.0,0
2022-07-17,25.2,27.5,90,997,15.8,1
2022-07-18,26.0,31.2,85,998,0.7,1
2022-07-19,24.0,31.5,79,997,4.3,1
2022-07-20,27.3,29.0,87,994,32.7,1
2022-07-21,26.7,29.2,77,995,38.7,1
2022-07-22,25.0,26.8,82,997,20.9,1
2022-07-23,26.2,32.6,75,997,0.0,0
2022-07-24,26.8,31.6,75,995,6.8,1
2022-07-25,26.5,28.8,81,994,75.9,1
2022-07-26,25.5,25.5,86,997,19.1,1
2022-07-27,24.5,32.0,79,995,52.9,1
2022-07-28,24.6,28.9,77,994,39.2,1
2022-07-29,23.4,32.0,69,1000,0.0,0
2022-07-30,24.1,27.9,78,994,9.4,1
2022-07-31,27.8,32.7,79,1001,0.3,1
2022-08-01,26.0,32.2,80,997,2.9,1
2022-08-02,25.6,30.4,82,1003,4.3,1
2022-08-03,23.3,32.3,76,1000,1.2,1
2022-08-04,25.5,30.9,74,999,0.0,0
2022-08-05,25.9,26.7,86,995,14.4,1
2022-08-06,24.6,32.9,71,994,0.0,0
2022-08-07,24.6,27.1,82,996,13.6,1
2022-08-08,25.7,34.2,76,998,4.0,1
2022-08-09,25.4,29.5,86,997,12.0,1
2022-08-10,25.4,28.3,78,995,11.5,1
2022-08-11,23.3,33.2,73,999,0.0,0
2022-08-12,27.2,29.8,80,1000,4.5,1
2022-08-13,25.5,27.7,80,996,46.6,1
2022-08-14,27.2,27.7,82,998,11.5,1
2022-08-15,24.2,30.9,78,998,39.5,1
2022-08-16,22.6,26.5,78,998,14.7,1
2022-08-17,22.8,29.0,75,998,9.4,1
2022-08-18,24.8,31.9,75,1002,0.0,0
2022-08-19,25.0,28.6,85,999,61.5,1
2022-08-20,24.0,29.6,70,1003,0.0,0
2022-08-21,24.5,27.6,82,999,11.1,1
2022-08-22,26.1,29.7,75,997,39.7,1
2022-08-23,25.4,30.7,79,1002,1.0,1
2022-08-24,22.5,31.0,75,998,34.2,1
2022-08-25,22.6,33.5,74,1001,0.0,0
2022-08-26,23.5,32.7,75,1002,0.0,0
2022-08-27,24.5,26.9,81,998,5.7,1
2022-08-28,24.5,26.7,83,998,5.3,1
2022-08-29,21.1,30.9,71,998,0.0,0
2022-08-30,24.9,29.7,83,1002,3.7,1
2022-08-31,23.5,29.5,86,998,0.9,1
2022-09-01,26.4,30.2,70,999,0.0,0
2022-09-02,23.2,30.4,50,1002,0.0,0
2022-09-03,25.0,33.0,55,1005,0.0,0
2022-09-04,23.5,33.6,45,1006,0.0,0
2022-09-05,25.1,33.3,63,1003,0.0,0
2022-09-06,27.1,30.8,58,999,0.0,0
2022-09-07,25.7,32.0,67,1003,0.0,0
2022-09-08,23.1,30.7,54,1005,0.0,0
2022-09-09,23.7,33.1,60,1006,0.0,0
2022-09-10,25.1,34.5,44,1003,0.0,0
2022-09-11,25.0,30.3,67,1000,0.0,0
2022-09-12,24.5,30.4,57,1006,0.0,0
2022-09-13,23.8,32.7,54,1004,0.0,0
2022-09-14,22.8,34.8,41,1005,0.0,0
2022-09-15,24.3,32.1,68,1007,0.0,0
2022-09-16,22.0,33.6,48,1006,0.0,0
2022-09-17,22.6,33.6,62,1004,0.0,0
2022-09-18,24.4,33.6,57,1004,0.0,0
2022-09-19,24.3,28.0,69,1004,10.5,1
2022-09-20,21.0,33.1,44,1006,0.0,0
2022-09-21,24.2,33.1,50,1008,0.0,0
2022-09-22,23.0,31.5,60,1010,0.0,0
2022-09-23,20.3,33.3,37,1009,0.0,0
2022-09-24,22.3,31.1,56,1006,0.0,0
2022-09-25,24.0,32.5,49,1003,0.0,0
2022-09-26,23.8,33.7,48,1005,0.0,0
2022-09-27,22.4,30.5,64,1007,0.0,0
2022-09-28,22.0,33.6,54,1008,0.0,0
2022-09-29,24.3,30.5,59,1006,0.0,0
2022-09-30,24.7,31.0,56,1006,0.0,0
2022-10-01,21.7,30.6,46,1007,0.0,0
2022-10-02,23.7,32.0,52,1004,0.0,0
2022-10-03,23.1,32.9,62,1003,0.0,0
2022-10-04,21.7,30.6,43,1009,0.0,0
2022-10-05,19.6,33.8,38,1011,0.0,0
2022-10-06,18.0,30.2,49,1005,0.0,0
2022-10-07,19.8,31.8,49,1003,0.0,0
2022-10-08,17.9,31.0,41,1007,0.0,0
2022-10-09,18.0,30.0,44,1012,0.0,0
2022-10-10,20.2,32.8,62,1005,0.0,0
2022-10-11,17.8,30.5,45,1006,0.0,0
2022-10-12,18.7,33.0,44,1007,0.0,0
2022-10-13,19.8,33.5,51,1006,0.0,0
2022-10-14,19.5,30.8,49,1009,0.0,0
2022-10-15,19.1,31.9,59,1004,0.0,0
2022-10-16,20.4,32.5,48,1006,0.0,0
2022-10-17,19.4,32.7,47,1008,0.0,0
2022-10-18,19.3,30.5,50,1007,0.0,0
2022-10-19,19.3,31.8,46,1013,0.0,0
2022-10-20,17.6,32.8,41,1007,0.0,0
2022-10-21,17.5,31.1,50,1009,0.0,0
2022-10-22,17.7,29.1,52,1011,0.0,0
2022-10-23,18.2,33.2,45,1011,0.0,0
2022-10-24,15.9,33.6,36,1011,0.0,0
2022-10-25,18.2,28.9,44,1010,0.0,0
2022-10-26,19.1,31.5,38,1010,0.0,0
2022-10-27,17.1,29.4,46,1009,0.0,0
2022-10-28,16.4,30.2,46,1005,0.0,0
2022-10-29,18.2,29.8,50,1007,0.0,0
2022-10-30,16.9,29.1,54,1010,0.0,0
2022-10-31,16.8,28.1,48,1010,0.0,0
2022-11-01,15.8,31.2,31,1012,0.0,0
2022-11-02,17.4,26.6,62,1012,0.0,0
2022-11-03,12.9,29.2,40,1012,0.0,0
2022-11-04,14.8,27.2,46,1010,0.0,0
2022-11-05,16.5,31.0,35,1017,0.0,0
2022-11-06,15.4,28.8,53,1009,0.0,0
2022-11-07,16.1,28.6,44,1012,0.0,0
2022-11-08,15.7,28.9,49,1010,0.0,0
2022-11-09,14.5,31.3,45,1012,0.0,0
2022-11-10,14.0,29.4,49,1007,0.0,0
2022-11-11,15.0,28.7,47,1010,0.0,0
2022-11-12,13.9,26.8,46,1016,0.0,0
2022-11-13,15.9,25.8,46,1012,0.0,0
2022-11-14,16.8,30.6,49,1010,0.0,0
2022-11-15,15.6,27.2,40,1013,0.0,0
2022-11-16,15.7,28.5,51,1014,0.0,0
2022-11-17,13.4,26.9,56,1008,0.0,0
2022-11-18,11.6,27.6,44,1013,0.0,0
2022-11-19,12.6,27.4,48,1016,0.0,0
2022-11-20,14.8,27.4,49,1014,0.0,0
2022-11-21,15.0,27.8,56,1011,0.0,0
2022-11-22,11.9,27.4,36,1012,0.0,0
2022-11-23,13.9,24.1,43,1017,0.0,0
2022-11-24,13.3,24.7,46,1011,0.0,0
2022-11-25,14.7,28.3,45,1015,0.0,0
2022-11-26,14.5,28.1,39,1015,0.0,0
2022-11-27,12.6,26.8,41,1013,0.0,0
2022-11-28,15.3,26.0,56,1011,0.0,0
2022-11-29,11.7,23.3,53,1013,0.0,0
2022-11-30,13.4,26.8,40,1013,0.0,0
2022-12-01,13.1,27.9,43,1011,0.0,0
2022-12-02,14.7,23.9,50,1015,0.0,0
2022-12-03,11.3,24.2,47,1014,0.0,0
2022-12-04,12.7,25.4,45,1014,0.0,0
2022-12-05,10.3,23.1,47,1012,0.0,0
2022-12-06,11.0,23.0,50,1014,0.0,0
2022-12-07,11.2,25.1,46,1014,0.0,0
2022-12-08,11.8,21.2,55,1018,0.0,0
2022-12-09,12.9,23.2,51,1014,0.0,0
2022-12-10,12.5,24.9,47,1015,0.0,0
2022-12-11,12.0,22.8,56,1016,0.0,0
2022-12-12,11.3,23.8,48,1014,0.0,0
2022-12-13,10.9,25.1,46,1014,0.0,0
2022-12-14,11.9,22.1,68,1013,0.0,0
2022-12-15,11.6,23.7,45,1015,0.0,0
2022-12-16,12.5,24.6,54,1013,0.0,0
2022-12-17,10.7,21.5,52,1014,0.0,0
2022-12-18,9.8,21.6,48,1015,0.0,0
2022-12-19,9.7,22.3,47,1014,0.0,0
2022-12-20,9.1,20.8,51,1010,0.0,0
2022-12-21,10.9,24.2,39,1015,0.0,0
2022-12-22,10.6,22.4,55,1017,0.0,0
2022-12-23,12.4,22.0,57,1013,0.0,0
2022-12-24,9.3,19.0,59,1012,0.0,0
2022-12-25,11.8,19.9,57,1014,0.0,0
2022-12-26,10.1,22.1,46,1012,0.0,0
2022-12-27,11.2,23.3,49,1014,0.0,0
2022-12-28,9.4,21.9,34,1016,0.0,0
2022-12-29,12.3,23.3,50,1014,0.0,0
2022-12-30,9.7,19.1,55,1018,0.0,0
2022-12-31,10.2,24.3,44,1016,0.0,0
2023-01-01,9.5,23.2,46,1015,0.0,0
2023-01-02,10.8,21.0,44,1014,0.0,0
2023-01-03,11.6,21.1,50,1013,0.0,0
2023-01-04,10.6,19.7,51,1011,0.0,0
2023-01-05,7.8,21.5,44,1015,0.0,0
2023-01-06,9.2,20.9,47,1016,0.0,0
2023-01-07,10.5,23.5,50,1014,0.0,0
2023-01-08,12.1,21.6,50,1013,0.0,0
2023-01-09,8.5,19.0,45,1016,0.0,0
2023-01-10,9.6,20.0,61,1014,0.0,0
2023-01-11,8.9,21.9,41,1016,0.0,0
2023-01-12,9.5,21.1,49,1016,0.0,0
2023-01-13,9.6,19.4,51,1015,0.0,0
2023-01-14,11.6,20.2,63,1011,0.0,0
2023-01-15,11.4,21.7,51,1014,0.0,0
2023-01-16,8.4,23.1,44,1013,0.0,0
2023-01-17,9.0,20.8,45,1014,0.0,0
2023-01-18,11.7,23.9,42,1018,0.0,0
2023-01-19,10.2,19.4,52,1016,0.0,0
2023-01-20,10.1,22.8,40,1018,0.0,0
2023-01-21,8.9,22.7,40,1015,0.0,0
2023-01-22,10.0,21.5,43,1015,0.0,0
2023-01-23,11.2,24.5,46,1017,0.0,0
2023-01-24,10.3,21.5,49,1016,0.0,0
2023-01-25,10.1,24.1,50,1015,0.0,0
2023-01-26,10.8,19.9,59,1012,0.0,0
2023-01-27,8.9,21.2,48,1016,0.0,0
2023-01-28,12.1,22.3,62,1015,0.0,0
2023-01-29,10.4,19.9,52,1017,0.0,0
2023-01-30,11.6,23.8,53,1016,0.0,0
2023-01-31,10.9,22.9,59,1012,0.0,0
2023-02-01,10.8,25.1,37,1017,0.0,0
2023-02-02,10.0,23.7,51,1013,0.0,0
2023-02-03,10.8,19.6,56,1016,0.0,0
2023-02-04,11.5,21.2,52,1014,0.4,1
2023-02-05,13.2,24.4,43,1015,0.0,0
2023-02-06,14.0,24.8,40,1017,0.0,0
2023-02-07,11.8,22.8,53,1017,0.0,0
2023-02-08,13.7,24.0,58,1013,0.0,0
2023-02-09,13.1,24.9,47,1012,0.0,0
2023-02-10,12.9,27.1,37,1016,0.0,0
2023-02-11,12.5,24.1,56,1014,0.0,0
2023-02-12,13.4,24.5,53,1014,0.0,0
2023-02-13,12.1,25.3,48,1011,0.0,0
2023-02-14,11.5,25.4,53,1011,0.0,0
2023-02-15,13.4,25.3,52,1017,0.0,0
2023-02-16,14.5,27.5,45,1019,0.0,0
2023-02-17,13.6,22.4,59,1012,0.0,0
2023-02-18,13.4,24.5,46,1018,0.0,0
2023-02-19,11.3,27.1,28,1016,0.0,0
2023-02-20,13.8,22.0,53,1011,6.5,1
2023-02-21,16.9,27.0,52,1010,0.0,0
2023-02-22,13.6,27.6,44,1011,0.0,0
2023-02-23,14.5,25.9,57,1012,0.0,0
2023-02-24,13.9,27.0,59,1010,0.0,0
2023-02-25,13.2,25.7,46,1012,0.0,0
2023-02-26,16.8,28.9,54,1010,0.0,0
2023-02-27,17.0,27.7,46,1011,0.0,0
2023-02-28,15.2,27.1,50,1015,0.0,0
2023-03-01,14.5,26.5,50,1015,0.0,0
2023-03-02,15.5,29.2,40,1014,0.0,0
2023-03-03,15.9,29.9,45,1011,0.0,0
2023-03-04,17.1,28.7,54,1013,0.0,0
2023-03-05,15.6,28.2,52,1015,0.0,0
2023-03-06,17.0,28.5,40,1013,0.0,0
2023-03-07,16.3,29.5,39,1013,0.0,0
2023-03-08,16.2,29.6,49,1011,0.0,0
2023-03-09,16.4,30.4,44,1012,0.0,0
2023-03-10,18.0,30.7,54,1011,0.0,0
2023-03-11,17.3,31.4,47,1012,0.0,0
2023-03-12,18.8,29.5,55,1010,0.0,0
2023-03-13,17.3,30.3,40,1010,0.0,0
2023-03-14,19.3,32.8,45,1013,0.0,0
2023-03-15,19.1,31.5,44,1010,0.0,0
2023-03-16,19.9,29.7,63,1010,0.0,0
2023-03-17,18.0,31.7,37,1012,0.0,0
2023-03-18,17.6,32.2,49,1012,0.0,0
2023-03-19,20.5,34.1,55,1009,0.0,0
2023-03-20,18.4,32.8,50,1014,0.0,0
2023-03-21,19.0,32.9,45,1006,0.0,0
2023-03-22,19.7,35.6,42,1012,0.0,0
2023-03-23,16.3,32.6,35,1012,0.0,0
2023-03-24,20.5,33.2,50,1010,0.0,0
2023-03-25,17.2,33.9,45,1011,0.0,0
2023-03-26,19.3,33.6,49,1009,0.0,0
2023-03-27,19.1,33.4,46,1010,0.0,0
2023-03-28,19.9,34.8,53,1009,0.0,0
2023-03-29,18.9,36.0,37,1009,0.0,0
2023-03-30,19.8,34.6,45,1011,0.0,0
2023-03-31,18.4,38.9,35,1011,0.0,0
2023-04-01,21.9,32.7,33,1012,0.0,0
2023-04-02,18.8,36.2,33,1008,0.0,0
2023-04-03,21.0,34.5,48,1004,0.0,0
2023-04-04,20.4,35.3,41,1011,0.0,0
2023-04-05,21.3,36.7,52,1008,0.0,0
2023-04-06,23.8,39.5,33,1010,0.0,0
2023-04-07,21.5,38.0,30,1012,0.0,0
2023-04-08,21.9,39.3,44,1008,0.0,0
2023-04-09,20.0,34.9,51,1008,0.0,0
2023-04-10,22.5,38.9,45,1008,0.0,0
2023-04-11,22.2,34.7,48,1013,0.0,0
2023-04-12,22.4,37.9,47,1009,0.0,0
2023-04-13,21.5,39.6,35,1008,0.0,0
2023-04-14,22.2,38.4,35,1007,0.0,0
2023-04-15,22.8,38.5,42,1005,0.0,0
2023-04-16,24.1,36.6,38,1007,0.0,0
2023-04-17,20.7,37.9,33,1007,0.0,0
2023-04-18,21.6,35.0,47,1008,0.0,0
2023-04-19,24.7,39.8,37,1009,0.0,0
2023-04-20,23.6,37.4,40,1010,0.0,0
2023-04-21,21.7,38.2,46,1005,0.0,0
2023-04-22,23.1,37.6,39,1007,0.0,0
2023-04-23,22.5,39.8,29,1006,0.0,0
2023-04-24,22.4,37.5,51,1007,0.0,0
2023-04-25,23.4,40.4,31,1011,0.0,0
2023-04-26,21.9,37.6,47,1009,0.0,0
2023-04-27,23.4,40.5,48,1006,0.0,0
2023-04-28,25.5,41.6,42,1010,0.0,0
2023-04-29,21.8,38.8,43,1007,0.0,0
2023-04-30,24.8,42.8,24,1008,0.0,0
2023-05-01,22.1,39.6,35,1004,0.0,0
2023-05-02,23.9,40.1,43,1008,0.0,0
2023-05-03,25.1,38.5,47,1009,0.0,0
2023-05-04,26.9,36.1,55,1005,0.0,0
2023-05-05,22.8,39.1,33,1007,0.0,0
2023-05-06,24.4,40.7,40,1009,0.0,0
2023-05-07,25.5,38.9,46,1006,0.0,0
2023-05-08,24.7,39.3,46,1005,0.0,0
2023-05-09,25.9,41.5,43,1005,0.0,0
2023-05-10,23.7,42.2,36,1006,0.0,0
2023-05-11,26.8,41.9,45,1008,0.0,0
2023-05-12,26.0,39.3,43,1005,0.0,0
2023-05-13,26.3,42.0,37,1006,0.0,0
2023-05-14,26.7,40.7,36,1008,0.0,0
2023-05-15,25.5,37.6,57,1002,0.0,0
2023-05-16,24.8,42.4,32,1005,0.0,0
2023-05-17,26.2,40.1,34,1001,0.0,0
2023-05-18,27.3,41.4,41,1002,0.0,0
2023-05-19,25.7,41.2,33,1006,0.0,0
2023-05-20,25.9,42.0,43,1001,0.0,0
2023-05-21,26.7,42.3,38,1004,0.0,0
2023-05-22,26.3,38.9,48,1003,0.0,0
2023-05-23,24.8,37.6,38,1006,0.0,0
2023-05-24,27.2,41.5,53,1005,0.0,0
2023-05-25,25.6,37.5,54,1004,0.0,0
2023-05-26,24.9,39.8,54,1006,0.0,0
2023-05-27,27.4,39.6,45,1005,0.0,0
2023-05-28,26.6,38.6,49,1003,0.0,0
2023-05-29,25.4,39.3,44,1001,0.0,0
2023-05-30,25.9,37.7,49,1007,0.0,0
2023-05-31,27.0,36.7,50,1002,0.0,0
2023-06-01,28.3,38.7,73,998,0.0,0
2023-06-02,25.4,35.7,68,1002,0.0,0
2023-06-03,27.2,37.1,76,999,4.2,1
2023-06-04,26.6,38.1,74,1002,0.0,0
2023-06-05,25.9,35.7,75,999,0.0,0
2023-06-06,25.3,34.5,78,995,25.0,1
2023-06-07,27.9,36.6,81,1001,0.0,0
2023-06-08,27.3,31.5,80,997,33.5,1
2023-06-09,25.5,39.3,64,1000,0.0,0
2023-06-10,27.0,36.0,72,1002,0.0,0
2023-06-11,27.3,34.1,82,999,28.1,1
2023-06-12,25.7,36.3,72,1002,0.0,0
2023-06-13,28.9,31.1,80,999,161.6,1
2023-06-14,27.2,35.5,77,1002,3.3,1
2023-06-15,26.4,32.2,76,997,10.6,1
2023-06-16,27.0,35.2,72,1000,0.0,0
2023-06-17,26.3,32.5,76,995,15.2,1
2023-06-18,28.2,36.2,75,998,1.7,1
2023-06-19,27.6,28.0,81,997,12.5,1
2023-06-20,26.6,36.0,82,1002,3.5,1
2023-06-21,26.4,33.3,79,994,15.6,1
2023-06-22,28.5,32.1,80,996,16.2,1
2023-06-23,26.2,36.9,71,1001,0.0,0
2023-06-24,25.1,32.7,78,993,11.9,1
2023-06-25,26.0,37.0,68,1000,0.0,0
2023-06-26,24.2,26.5,83,996,13.3,1
2023-06-27,25.0,33.8,70,999,0.0,0
2023-06-28,27.0,33.6,87,999,3.1,1
2023-06-29,25.6,33.3,74,1004,0.0,0
2023-06-30,25.9,30.1,81,997,12.0,1
2023-07-01,27.3,27.6,83,994,27.9,1
2023-07-02,27.5,31.3,78,995,97.4,1
2023-07-03,25.2,34.3,73,997,0.0,0
2023-07-04,24.9,28.3,77,998,34.4,1
2023-07-05,24.6,30.7,80,995,11.4,1
2023-07-06,26.2,31.7,78,998,36.1,1
2023-07-07,26.5,29.5,88,998,71.1,1
2023-07-08,26.3,32.4,80,1000,0.4,1
2023-07-09,23.8,35.9,70,999,0.0,0
2023-07-10,28.1,32.6,76,999,4.3,1
2023-07-11,26.5,33.9,74,999,0.0,0
2023-07-12,27.1,31.5,68,1000,0.0,0
2023-07-13,26.3,27.0,77,997,42.3,1
2023-07-14,25.8,28.1,77,997,9.8,1
2023-07-15,24.5,30.1,79,998,44.4,1
2023-07-16,24.6,28.1,82,997,15.6,1
2023-07-17,26.7,32.0,70,1001,0.0,0
2023-07-18,22.0,28.4,81,996,11.5,1
2023-07-19,24.1,32.5,76,1002,2.6,1
2023-07-20,24.8,31.1,71,999,0.0,0
2023-07-21,26.4,28.9,74,1001,0.0,0
2023-07-22,25.7,32.4,75,997,0.0,0
2023-07-23,24.9,30.7,83,995,18.3,1
2023-07-24,26.1,29.6,85,995,52.1,1
2023-07-25,24.7,29.5,78,996,17.4,1
2023-07-26,26.7,28.0,84,998,7.9,1
2023-07-27,27.3,30.7,78,999,2.5,1
2023-07-28,26.4,29.6,85,996,10.0,1
2023-07-29,24.9,32.3,67,1005,0.0,0
2023-07-30,25.7,32.5,76,999,4.7,1
2023-07-31,24.7,29.7,76,998,6.4,1
2023-08-01,22.4,31.0,74,1000,0.0,0
2023-08-02,29.1,30.5,76,998,8.5,1
2023-08-03,24.6,29.6,81,1000,61.1,1
2023-08-04,26.1,28.9,77,999,23.2,1
2023-08-05,24.4,29.5,78,999,3.0,1
2023-08-06,23.3,27.2,81,998,10.1,1
2023-08-07,26.1,30.9,76,994,21.9,1
2023-08-08,24.6,33.2,80,999,4.3,1
2023-08-09,26.5,26.9,86,1000,49.5,1
2023-08-10,27.2,28.4,83,1000,35.2,1
2023-08-11,23.6,27.4,82,993,24.1,1
2023-08-12,25.1,31.3,81,994,58.1,1
2023-08-13,27.2,32.7,77,997,4.9,1
2023-08-14,25.4,29.3,81,999,18.6,1
2023-08-15,25.0,31.8,77,998,0.0,0
2023-08-16,26.0,28.1,79,998,28.5,1
2023-08-17,24.1,24.4,80,1000,10.5,1
2023-08-18,24.3,28.9,85,997,7.3,1
2023-08-19,27.1,30.2,80,997,17.5,1
2023-08-20,23.8,24.2,83,1001,6.2,1
2023-08-21,24.6,25.6,77,996,23.3,1
2023-08-22,24.6,30.7,79,1001,0.3,1
2023-08-23,24.1,31.3,81,1000,0.0,0
2023-08-24,22.2,34.3,74,1001,0.0,0
2023-08-25,22.8,31.0,67,998,0.0,0
2023-08-26,23.4,26.8,83,997,9.2,1
2023-08-27,25.5,29.5,81,1002,6.3,1
2023-08-28,26.6,28.6,82,994,11.8,1
2023-08-29,22.1,29.4,80,997,47.2,1
2023-08-30,23.1,26.1,81,998,9.7,1
2023-08-31,24.1,25.5,83,998,15.6,1
2023-09-01,23.1,31.2,61,999,0.0,0
2023-09-02,26.3,31.7,74,1005,0.0,0
2023-09-03,24.5,30.0,69,1006,0.0,0
2023-09-04,23.5,31.6,64,1003,0.0,0
2023-09-05,22.2,30.6,48,1007,0.0,0
2023-09-06,22.8,30.4,60,1003,0.0,0
2023-09-07,23.4,31.8,63,1004,0.0,0
2023-09-08,24.3,33.0,56,1001,0.0,0
2023-09-09,23.6,35.6,49,1001,0.0,0
2023-09-10,22.7,29.0,66,1006,0.0,0
2023-09-11,22.5,31.2,54,1004,0.0,0
2023-09-12,23.3,32.8,54,1002,0.8,1
2023-09-13,24.8,32.9,55,1004,0.0,0
2023-09-14,24.5,32.6,48,1005,0.0,0
2023-09-15,23.5,31.1,62,1002,0.0,0
2023-09-16,25.2,31.4,67,1003,0.0,0
2023-09-17,24.8,30.2,62,1006,0.0,0
2023-09-18,24.3,31.2,55,1004,0.0,0
2023-09-19,22.1,32.0,42,1004,0.0,0
2023-09-20,23.2,32.0,60,1006,0.0,0
2023-09-21,22.0,31.2,48,1006,0.0,0
2023-09-22,23.7,34.7,43,1002,0.0,0
2023-09-23,23.4,32.3,51,1002,0.0,0
2023-09-24,22.2,32.3,47,1009,0.0,0
2023-09-25,22.2,34.2,43,1003,0.0,0
2023-09-26,21.3,33.4,46,1005,0.0,0
2023-09-27,23.4,35.7,38,1009,0.0,0
2023-09-28,20.8,32.1,51,1004,0.0,0
2023-09-29,22.7,31.4,51,1008,0.0,0
2023-09-30,22.0,31.2,52,1004,0.0,0
2023-10-01,20.8,32.5,47,1001,0.0,0
2023-10-02,20.8,32.6,53,1008,0.0,0
2023-10-03,20.3,34.5,46,1005,0.0,0
2023-10-04,19.3,33.8,44,1009,0.0,0
2023-10-05,22.7,31.5,55,1009,0.0,0
2023-10-06,19.9,29.7,59,1007,0.0,0
2023-10-07,20.0,33.2,43,1006,0.0,0
2023-10-08,19.4,30.3,48,1006,0.0,0
2023-10-09,17.8,30.9,49,1008,0.0,0
2023-10-10,21.4,30.8,61,1005,0.0,0
2023-10-11,20.3,33.5,48,1004,0.0,0
2023-10-12,18.2,33.0,40,1010,0.0,0
2023-10-13,20.2,28.9,60,1005,0.0,0
2023-10-14,21.3,32.6,43,1011,0.0,0
2023-10-15,19.9,29.4,50,1011,0.0,0
2023-10-16,20.6,31.7,51,1009,0.0,0
2023-10-17,19.8,30.4,53,1008,0.0,0
2023-10-18,18.5,30.5,44,1007,0.0,0
2023-10-19,20.8,29.5,54,1007,0.0,0
2023-10-20,16.5,31.2,42,1010,0.0,0
2023-10-21,19.0,31.5,49,1007,0.0,0
2023-10-22,18.3,31.2,43,1010,0.0,0
2023-10-23,15.9,30.1,33,1011,0.0,0
2023-10-24,18.0,32.8,38,1009,0.0,0
2023-10-25,18.6,29.8,53,1008,0.0,0
2023-10-26,16.1,31.4,31,1010,0.0,0
2023-10-27,17.5,30.5,45,1009,0.0,0
2023-10-28,14.7,30.5,44,1011,0.0,0
2023-10-29,17.4,30.9,53,1010,0.0,0
2023-10-30,14.8,28.8,33,1010,0.0,0
2023-10-31,15.8,29.6,41,1011,0.0,0
2023-11-01,16.2,27.7,58,1009,0.0,0
2023-11-02,14.1,28.6,49,1009,0.0,0
2023-11-03,14.8,29.6,45,1012,0.0,0
2023-11-04,16.5,29.6,43,1012,0.0,0
2023-11-05,14.7,31.9,42,1011,0.0,0
2023-11-06,15.1,27.7,41,1012,0.0,0
2023-11-07,13.9,25.9,44,1011,0.0,0
2023-11-08,16.6,26.8,55,1010,0.0,0
2023-11-09,12.9,29.4,32,1011,0.0,0
2023-11-10,15.0,29.7,44,1010,0.0,0
2023-11-11,14.6,30.3,37,1011,0.0,0
2023-11-12,15.7,27.4,46,1009,0.0,0
2023-11-13,13.8,26.6,47,1009,0.0,0
2023-11-14,14.1,24.6,43,1011,0.0,0
2023-11-15,14.3,27.6,50,1010,0.0,0
2023-11-16,10.9,27.2,35,1011,0.0,0
2023-11-17,14.8,27.5,39,1016,0.0,0
2023-11-18,16.2,29.4,45,1011,0.0,0
2023-11-19,14.9,29.6,39,1012,0.0,0
2023-11-20,11.2,26.9,40,1016,0.0,0
2023-11-21,13.9,27.5,43,1013,0.0,0
2023-11-22,12.8,27.6,45,1012,0.0,0
2023-11-23,13.1,29.3,38,1013,0.0,0
2023-11-24,13.9,23.5,61,1014,0.0,0
2023-11-25,10.2,27.6,38,1014,0.0,0
2023-11-26,14.7,24.5,45,1013,0.0,0
2023-11-27,12.7,25.2,34,1017,0.0,0
2023-11-28,13.4,26.9,50,1013,0.0,0
2023-11-29,12.1,27.1,36,1009,0.0,0
2023-11-30,11.7,24.5,58,1014,0.0,0
2023-12-01,13.9,23.2,58,1014,0.0,0
2023-12-02,13.1,22.0,52,1011,0.0,0
2023-12-03,11.3,24.2,53,1013,0.0,0
2023-12-04,11.9,24.0,50,1016,0.0,0
2023-12-05,11.9,28.6,32,1014,0.0,0
2023-12-06,12.8,22.2,46,1018,0.0,0
2023-12-07,11.5,22.0,64,1013,0.0,0
2023-12-08,13.8,22.6,64,1011,0.0,0
2023-12-09,11.6,22.0,53,1015,0.0,0
2023-12-10,9.4,19.3,54,1013,0.0,0
2023-12-11,11.5,24.9,52,1015,0.0,0
2023-12-12,10.9,23.8,39,1015,0.0,0
2023-12-13,10.1,20.6,48,1014,0.0,0
2023-12-14,11.6,21.4,58,1017,0.0,0
2023-12-15,12.5,22.1,50,1009,0.0,0
2023-12-16,9.2,24.4,43,1016,0.0,0
2023-12-17,12.3,20.3,60,1013,1.9,1
2023-12-18,11.1,23.6,46,1014,0.0,0
2023-12-19,11.5,22.3,61,1012,0.0,0
2023-12-20,9.3,22.2,52,1014,0.0,0
2023-12-21,11.1,22.0,56,1014,0.0,0
2023-12-22,12.0,22.7,48,1009,0.0,0
2023-12-23,9.6,20.8,50,1015,0.0,0
2023-12-24,9.6,23.2,55,1014,0.0,0
2023-12-25,12.5,24.1,52,1013,0.0,0
2023-12-26,10.8,22.8,44,1016,0.0,0
2023-12-27,12.2,23.1,49,1016,0.0,0
2023-12-28,7.2,24.2,42,1012,0.0,0
2023-12-29,12.7,20.3,65,1016,0.0,0
2023-12-30,10.4,23.8,40,1014,0.0,0
2023-12-31,10.2,23.3,44,1016,0.0,0
2024-01-01,10.5,19.7,52,1012,0.0,0
2024-01-02,9.6,23.0,47,1017,0.0,0
2024-01-03,13.4,21.9,53,1020,0.0,0
2024-01-04,10.9,21.0,46,1015,0.0,0
2024-01-05,9.2,21.2,43,1016,0.0,0
2024-01-06,9.6,20.5,41,1013,0.0,0
2024-01-07,8.7,21.3,48,1012,0.0,0
2024-01-08,11.6,24.5,49,1015,0.0,0
2024-01-09,9.7,20.3,51,1016,4.8,1
2024-01-10,10.2,20.4,51,1011,0.0,0
2024-01-11,10.6,22.5,56,1014,0.0,0
2024-01-12,10.2,19.6,59,1015,0.0,0
2024-01-13,10.5,21.6,49,1016,0.0,0
2024-01-14,10.7,18.2,56,1018,0.0,0
2024-01-15,10.7,19.4,54,1010,0.0,0
2024-01-16,10.3,21.1,50,1015,0.0,0
2024-01-17,9.7,22.3,49,1014,0.0,0
2024-01-18,9.5,21.5,51,1013,0.0,0
2024-01-19,14.1,21.9,58,1014,0.0,0
2024-01-20,10.0,21.9,49,1013,0.0,0
2024-01-21,7.9,21.5,40,1016,0.0,0
2024-01-22,11.4,21.4,50,1017,0.0,0
2024-01-23,8.5,22.4,41,1015,0.0,0
2024-01-24,11.0,21.7,55,1014,0.0,0
2024-01-25,9.1,26.5,34,1017,0.0,0
2024-01-26,11.9,21.2,56,1012,0.0,0
2024-01-27,8.5,23.0,48,1012,0.0,0
2024-01-28,11.1,23.6,47,1019,0.0,0
2024-01-29,11.0,20.3,66,1013,0.0,0
2024-01-30,11.1,22.8,68,1013,0.0,0
2024-01-31,12.0,24.1,60,1010,0.0,0
2024-02-01,8.9,22.7,61,1013,0.0,0
2024-02-02,12.1,24.3,43,1016,0.0,0
2024-02-03,8.9,24.5,36,1016,0.0,0
2024-02-04,14.1,24.5,48,1014,0.0,0
2024-02-05,11.3,21.2,53,1014,0.0,0
2024-02-06,10.0,24.3,46,1016,0.0,0
2024-02-07,12.4,23.3,40,1018,0.0,0
2024-02-08,13.1,22.4,46,1018,0.0,0
2024-02-09,13.3,23.4,70,1011,0.0,0
2024-02-10,11.4,25.3,39,1018,0.0,0
2024-02-11,9.9,23.7,43,1014,0.0,0
2024-02-12,11.2,26.1,34,1015,0.0,0
2024-02-13,12.0,23.7,45,1014,0.0,0
2024-02-14,11.3,26.7,44,1018,0.0,0
2024-02-15,12.0,25.5,31,1018,0.0,0
2024-02-16,14.4,25.7,42,1014,0.0,0
2024-02-17,10.6,25.0,42,1016,0.0,0
2024-02-18,14.8,25.2,59,1016,0.0,0
2024-02-19,13.7,27.6,44,1009,0.0,0
2024-02-20,11.5,25.2,44,1012,0.0,0
2024-02-21,16.0,25.1,58,1013,0.0,0
2024-02-22,14.1,26.8,37,1013,0.0,0
2024-02-23,15.2,25.3,60,1013,0.0,0
2024-02-24,14.7,25.6,50,1015,0.0,0
2024-02-25,15.5,27.7,55,1014,0.0,0
2024-02-26,15.8,26.6,50,1012,0.0,0
2024-02-27,17.1,28.6,57,1009,0.0,0
2024-02-28,17.7,29.2,48,1013,0.0,0
2024-02-29,15.4,26.1,55,1014,0.0,0
2024-03-01,14.3,26.0,42,1013,0.0,0
2024-03-02,15.9,28.9,42,1015,0.0,0
2024-03-03,16.2,29.3,57,1010,0.0,0
2024-03-04,15.1,32.5,37,1011,0.0,0
2024-03-05,17.0,30.8,40,1014,0.0,0
2024-03-06,17.6,29.8,52,1008,0.0,0
2024-03-07,17.0,28.3,53,1013,0.0,0
2024-03-08,15.6,32.7,49,1013,0.0,0
2024-03-09,17.2,33.2,43,1014,0.0,0
2024-03-10,15.9,31.6,46,1013,0.0,0
2024-03-11,16.1,31.9,31,1016,0.0,0
2024-03-12,16.4,30.5,43,1014,0.0,0
2024-03-13,15.4,30.7,48,1012,0.0,0
2024-03-14,18.4,30.5,62,1011,0.0,0
2024-03-15,19.1,31.8,47,1015,0.0,0
2024-03-16,17.8,32.4,49,1009,0.0,0
2024-03-17,18.3,31.8,41,1008,0.0,0
2024-03-18,19.1,31.2,40,1012,0.0,0
2024-03-19,17.8,33.0,45,1013,0.0,0
2024-03-20,20.0,34.8,56,1010,0.0,0
2024-03-21,20.5,34.0,32,1012,0.0,0
2024-03-22,20.8,34.9,42,1013,0.0,0
2024-03-23,20.5,33.8,56,1016,0.0,0
2024-03-24,19.5,34.8,39,1016,0.0,0
2024-03-25,20.5,35.2,36,1009,0.0,0
2024-03-26,20.5,31.9,51,1011,0.0,0
2024-03-27,18.6,36.3,41,1014,0.0,0
2024-03-28,22.0,35.0,54,1010,0.0,0
2024-03-29,18.7,33.7,37,1011,0.0,0
2024-03-30,20.7,31.1,48,1008,11.1,1
2024-03-31,20.4,33.8,46,1012,0.0,0
2024-04-01,21.6,35.6,48,1008,0.0,0
2024-04-02,19.5,36.0,33,1013,0.0,0
2024-04-03,19.7,36.2,33,1013,0.0,0
2024-04-04,21.8,34.6,46,1008,0.0,0
2024-04-05,20.4,37.4,40,1008,0.0,0
2024-04-06,23.4,35.1,56,1012,0.0,0
2024-04-07,20.7,36.1,41,1013,0.0,0
2024-04-08,20.9,34.9,51,1008,0.0,0
2024-04-09,18.6,38.6,18,1011,0.0,0
2024-04-10,22.3,36.5,35,1010,0.0,0
2024-04-11,23.9,38.5,40,1008,0.0,0
2024-04-12,23.4,38.1,42,1007,0.0,0
2024-04-13,20.7,37.8,26,1012,0.0,0
2024-04-14,24.7,36.9,55,1007,0.0,0
2024-04-15,23.9,35.1,42,1008,0.0,0
2024-04-16,22.9,36.3,55,1009,0.0,0
2024-04-17,23.4,39.8,35,1009,0.0,0
2024-04-18,23.8,40.1,39,1011,0.0,0
2024-04-19,24.6,39.4,42,1004,0.0,0
2024-04-20,21.8,37.8,38,1008,0.0,0
2024-04-21,21.8,38.6,27,1003,14.7,1
2024-04-22,23.8,40.2,51,1008,0.0,0
2024-04-23,23.3,39.0,40,1007,0.0,0
2024-04-24,23.3,39.7,29,1007,0.0,0
2024-04-25,24.0,37.2,44,1010,0.0,0
2024-04-26,24.7,40.3,30,1008,0.0,0
2024-04-27,22.5,39.8,42,1006,0.0,0
2024-04-28,23.8,41.2,43,1007,0.0,0
2024-04-29,23.6,39.5,36,1008,0.0,0
2024-04-30,26.6,37.9,45,1008,0.0,0
2024-05-01,23.9,40.3,42,1008,0.0,0
2024-05-02,23.2,38.4,42,1005,0.0,0
2024-05-03,24.3,36.5,57,1003,0.0,0
2024-05-04,24.4,38.3,47,1004,0.0,0
2024-05-05,24.8,40.5,37,1007,0.0,0
2024-05-06,27.5,40.6,45,1007,0.0,0
2024-05-07,24.8,41.3,38,1004,0.0,0
2024-05-08,25.2,39.6,37,1007,0.0,0
2024-05-09,23.9,40.5,39,1006,0.0,0
2024-05-10,24.4,41.5,41,1004,0.0,0
2024-05-11,27.3,40.1,45,1008,0.0,0
2024-05-12,26.2,42.2,35,1004,0.0,0
2024-05-13,25.4,39.9,42,1003,0.0,0
2024-05-14,26.3,40.1,41,1006,0.0,0
2024-05-15,23.7,42.5,29,1008,0.0,0
2024-05-16,28.5,39.6,55,1002,0.0,0
2024-05-17,28.9,39.8,57,1004,0.0,0
2024-05-18,26.6,41.1,34,1005,0.0,0
2024-05-19,25.5,41.2,49,1004,0.0,0
2024-05-20,24.6,41.1,40,1004,0.0,0
2024-05-21,27.0,39.2,49,1004,0.0,0
2024-05-22,25.7,42.4,40,1004,0.0,0
2024-05-23,26.1,39.2,46,1004,0.0,0
2024-05-24,24.3,37.7,45,1001,0.0,0
2024-05-25,24.7,40.2,29,1005,0.0,0
2024-05-26,24.3,41.7,46,1003,0.0,0
2024-05-27,25.8,39.7,53,1007,0.0,0
2024-05-28,24.0,38.3,42,1003,0.0,0
2024-05-29,27.8,40.2,47,1006,0.0,0
2024-05-30,26.5,38.7,47,1001,0.0,0
2024-05-31,25.9,37.7,52,1005,0.0,0
2024-06-01,28.6,34.5,76,1002,80.2,1
2024-06-02,27.7,36.1,74,1000,0.0,0
2024-06-03,27.7,35.2,79,999,0.1,0
2024-06-04,26.2,37.9,75,1003,0.0,0
2024-06-05,28.5,35.4,77,999,0.0,0
2024-06-06,24.5,37.2,74,999,0.0,0
2024-06-07,27.3,32.8,75,1000,16.9,1
2024-06-08,27.5,35.1,72,997,0.0,0
2024-06-09,26.1,32.2,73,998,0.0,0
2024-06-10,26.1,38.7,74,999,0.0,0
2024-06-11,24.6,35.6,68,1003,0.0,0
2024-06-12,26.4,32.2,77,999,45.6,1
2024-06-13,26.3,31.9,82,995,19.0,1
2024-06-14,27.8,35.0,84,997,3.1,1
2024-06-15,26.8,34.5,76,999,0.5,1
2024-06-16,24.5,33.1,85,996,7.8,1
2024-06-17,26.6,35.9,67,1002,0.0,0
2024-06-18,27.7,38.4,73,997,0.0,0
2024-06-19,25.8,33.0,83,997,21.9,1
2024-06-20,24.7,33.1,72,1001,0.0,0
2024-06-21,28.1,34.0,84,1000,4.6,1
2024-06-22,25.3,36.4,80,1001,2.6,1
2024-06-23,26.9,30.6,86,997,12.2,1
2024-06-24,26.3,35.3,80,1000,0.5,1
2024-06-25,26.7,31.2,81,997,22.8,1
2024-06-26,25.8,35.1,72,1001,0.0,0
2024-06-27,26.0,33.1,74,996,0.0,0
2024-06-28,24.5,29.8,76,995,7.9,1
2024-06-29,26.5,33.7,78,994,12.9,1
2024-06-30,26.4,31.7,79,999,12.5,1
2024-07-01,26.4,32.5,83,996,17.9,1
2024-07-02,29.0,30.4,82,998,8.5,1
2024-07-03,26.1,30.9,76,993,31.8,1
2024-07-04,25.3,30.6,76,994,30.0,1
2024-07-05,25.7,32.1,72,1003,0.0,0
2024-07-06,26.9,29.1,79,997,81.7,1
2024-07-07,26.5,29.0,84,997,19.7,1
2024-07-08,26.2,31.6,78,999,13.4,1
2024-07-09,26.3,30.2,77,995,0.0,0
2024-07-10,25.4,29.4,82,1001,3.7,1
2024-07-11,24.3,33.1,75,998,0.0,0
2024-07-12,25.8,29.7,76,997,71.8,1
2024-07-13,26.1,32.0,73,998,0.0,0
2024-07-14,24.9,33.0,77,994,43.1,1
2024-07-15,25.1,32.5,75,1003,3.5,1
2024-07-16,24.4,34.3,75,1000,0.0,0
2024-07-17,25.6,31.1,76,994,7.8,1
2024-07-18,25.4,29.3,81,998,2.1,1
2024-07-19,27.4,30.4,79,997,28.2,1
2024-07-20,24.0,28.1,79,996,14.0,1
2024-07-21,24.3,32.1,74,996,0.0,0
2024-07-22,26.3,27.4,80,997,23.3,1
2024-07-23,24.4,28.6,84,996,12.3,1
2024-07-24,25.2,28.0,84,996,22.3,1
2024-07-25,27.4,32.1,72,1000,0.0,0
2024-07-26,25.6,30.0,78,999,36.0,1
2024-07-27,27.3,30.0,75,993,54.2,1
2024-07-28,23.5,25.6,77,998,32.6,1
2024-07-29,25.9,28.9,78,999,55.4,1
2024-07-30,24.7,29.3,74,998,0.0,0
2024-07-31,24.3,28.5,75,997,32.3,1
2024-08-01,23.1,24.3,82,998,24.5,1
2024-08-02,26.4,28.3,81,999,9.5,1
2024-08-03,27.4,28.6,82,996,11.6,1
2024-08-04,25.1,32.8,76,999,0.0,0
2024-08-05,26.8,29.1,81,996,43.7,1
2024-08-06,24.0,28.8,76,996,36.5,1
2024-08-07,27.1,30.8,77,999,6.9,1
2024-08-08,24.2,31.0,75,1001,0.0,0
2024-08-09,23.5,30.5,71,1002,0.0,0
2024-08-10,23.5,31.4,69,997,0.0,0
2024-08-11,28.7,30.7,90,998,6.5,1
2024-08-12,23.3,28.2,77,997,27.3,1
2024-08-13,25.5,29.3,85,995,2.1,1
2024-08-14,24.3,30.2,87,997,0.4,1
2024-08-15,27.9,29.8,82,998,18.8,1
2024-08-16,24.0,29.7,86,999,1.6,1
2024-08-17,26.0,28.4,83,994,48.5,1
2024-08-18,25.7,31.6,71,1000,0.0,0
2024-08-19,24.2,26.8,82,999,5.4,1
2024-08-20,25.5,27.6,79,995,88.6,1
2024-08-21,25.0,30.0,74,1004,0.0,0
2024-08-22,24.8,30.2,75,1000,0.0,0
2024-08-23,23.2,31.9,73,1000,0.0,0
2024-08-24,24.2,32.1,73,999,0.0,0
2024-08-25,25.8,31.4,81,999,3.1,1
2024-08-26,23.2,30.8,74,999,0.0,0
2024-08-27,25.3,31.2,82,999,3.5,1
2024-08-28,24.1,29.3,80,1003,15.2,1
2024-08-29,25.4,31.9,77,1004,3.3,1
2024-08-30,23.2,27.5,83,997,14.5,1
2024-08-31,24.1,33.2,75,1000,0.0,0
2024-09-01,23.9,33.0,63,1004,0.0,0
2024-09-02,25.6,28.8,64,1002,0.0,0
2024-09-03,23.9,32.7,48,1006,0.0,0
2024-09-04,23.4,29.8,70,1001,0.0,0
2024-09-05,27.5,31.8,72,1002,0.0,0
2024-09-06,24.6,31.9,54,1007,0.0,0
2024-09-07,24.2,33.0,49,1004,0.0,0
2024-09-08,24.4,30.7,62,1008,0.0,0
2024-09-09,24.6,33.3,65,999,0.0,0
2024-09-10,24.9,29.7,63,1000,20.8,1
2024-09-11,22.8,29.6,62,1000,0.0,0
2024-09-12,24.1,31.8,61,1005,0.0,0
2024-09-13,22.8,33.6,49,1003,0.0,0
2024-09-14,24.0,32.6,61,1000,0.0,0
2024-09-15,23.8,32.8,56,1004,0.0,0
2024-09-16,25.8,34.0,65,1006,0.0,0
2024-09-17,24.2,32.5,70,998,0.0,0
2024-09-18,26.0,29.6,64,1004,0.0,0
2024-09-19,22.9,32.5,64,1007,0.0,0
2024-09-20,21.5,31.2,57,1003,0.0,0
2024-09-21,22.2,32.4,51,1007,0.0,0
2024-09-22,20.1,30.8,56,1004,0.0,0
2024-09-23,20.7,32.8,37,1008,0.0,0
2024-09-24,23.7,32.6,62,1005,0.0,0
2024-09-25,19.0,33.6,43,1006,0.0,0
2024-09-26,24.0,32.9,51,1006,0.0,0
2024-09-27,20.1,33.0,46,1005,0.0,0
2024-09-28,23.3,30.6,51,1008,0.0,0
2024-09-29,23.2,34.1,50,1006,0.0,0
2024-09-30,22.2,31.8,56,1008,0.0,0
2024-10-01,20.6,30.3,42,1007,0.0,0
2024-10-02,21.2,33.3,46,1010,0.0,0
2024-10-03,19.5,30.5,50,1012,0.0,0
2024-10-04,19.8,29.9,51,1006,0.0,0
2024-10-05,19.2,33.3,44,1009,0.0,0
2024-10-06,17.7,32.5,36,1008,0.0,0
2024-10-07,18.1,30.6,42,1010,0.0,0
2024-10-08,22.3,31.5,50,1009,0.0,0
2024-10-09,19.6,29.5,53,1006,0.0,0
2024-10-10,19.9,32.9,47,1010,0.0,0
2024-10-11,20.5,29.3,51,1006,0.0,0
2024-10-12,18.9,34.0,22,1011,0.0,0
2024-10-13,18.7,32.0,43,1011,0.0,0
2024-10-14,20.8,30.9,57,1009,0.0,0
2024-10-15,18.3,30.3,36,1008,0.0,0
2024-10-16,17.8,31.3,47,1008,0.0,0
2024-10-17,17.3,34.7,36,1008,0.0,0
2024-10-18,19.8,31.7,46,1008,0.0,0
2024-10-19,19.8,28.6,52,1010,0.0,0
2024-10-20,17.7,30.3,49,1008,0.0,0
2024-10-21,18.3,31.4,61,1011,0.0,0
2024-10-22,17.5,28.1,53,1009,0.0,0
2024-10-23,20.2,30.3,51,1011,0.0,0
2024-10-24,19.7,28.6,56,1009,0.0,0
2024-10-25,17.6,33.2,46,1008,0.0,0
2024-10-26,15.7,32.3,53,1008,0.0,0
2024-10-27,19.2,30.6,39,1008,0.0,0
2024-10-28,18.2,26.9,55,1015,0.0,0
2024-10-29,15.2,30.2,52,1012,0.0,0
2024-10-30,16.9,31.2,40,1013,0.0,0
2024-10-31,16.8,30.4,42,1009,0.0,0
2024-11-01,17.1,29.1,43,1009,0.0,0
2024-11-02,16.4,31.7,41,1011,0.0,0
2024-11-03,16.3,28.4,55,1012,0.0,0
2024-11-04,16.3,30.0,46,1010,0.0,0
2024-11-05,16.5,32.0,40,1013,0.0,0
2024-11-06,16.4,29.1,47,1009,0.0,0
2024-11-07,15.8,31.1,40,1010,0.0,0
2024-11-08,15.6,25.9,58,1015,0.0,0
2024-11-09,16.1,28.4,56,1009,0.0,0
2024-11-10,16.8,28.1,50,1011,0.0,0
2024-11-11,17.0,28.5,57,1008,0.0,0
2024-11-12,14.4,31.2,38,1014,0.0,0
2024-11-13,13.6,26.8,47,1011,0.0,0
2024-11-14,15.4,27.0,43,1011,0.0,0
2024-11-15,13.5,28.5,45,1006,0.0,0
2024-11-16,15.3,28.6,46,1012,0.0,0
2024-11-17,13.3,26.5,47,1008,0.0,0
2024-11-18,15.5,26.3,44,1010,0.0,0
2024-11-19,14.4,27.2,44,1013,0.0,0
2024-11-20,14.3,29.4,40,1015,0.0,0
2024-11-21,16.9,28.1,65,1014,0.0,0
2024-11-22,13.0,26.1,53,1012,0.0,0
2024-11-23,12.5,27.3,48,1011,0.0,0
2024-11-24,11.5,25.3,53,1010,0.0,0
2024-11-25,11.9,26.5,40,1016,0.0,0
2024-11-26,11.8,27.2,43,1015,0.0,0
2024-11-27,11.9,27.0,48,1012,0.0,0
2024-11-28,12.3,28.1,35,1017,0.0,0
2024-11-29,12.9,25.8,44,1010,0.0,0
2024-11-30,13.9,25.7,51,1015,0.0,0
2024-12-01,12.0,24.1,47,1014,0.0,0
2024-12-02,12.9,25.9,48,1013,0.0,0
2024-12-03,13.7,25.1,42,1013,0.0,0
2024-12-04,16.0,25.6,57,1014,0.0,0
2024-12-05,11.2,25.5,43,1014,0.0,0
2024-12-06,13.1,24.1,55,1010,0.0,0
2024-12-07,13.1,24.5,49,1014,0.0,0
2024-12-08,12.5,24.3,44,1017,0.2,1
2024-12-09,10.5,19.5,58,1009,0.0,0
2024-12-10,11.1,22.1,52,1010,0.0,0
2024-12-11,9.9,23.7,52,1015,0.0,0
2024-12-12,10.4,23.4,37,1016,0.0,0
2024-12-13,12.2,23.4,64,1015,0.0,0
2024-12-14,12.0,22.4,60,1013,0.0,0
2024-12-15,11.7,21.6,47,1012,0.0,0
2024-12-16,9.9,24.1,40,1012,0.0,0
2024-12-17,9.8,24.6,39,1011,0.0,0
2024-12-18,10.5,22.2,47,1016,0.0,0
2024-12-19,11.3,21.3,55,1009,10.7,1
2024-12-20,10.9,24.0,43,1011,0.0,0
2024-12-21,10.5,23.0,44,1014,0.0,0
2024-12-22,11.8,20.3,56,1009,0.0,0
2024-12-23,9.5,21.7,45,1019,0.0,0
2024-12-24,11.4,22.3,52,1011,0.0,0
2024-12-25,11.6,22.5,47,1010,0.0,0
2024-12-26,8.8,23.4,44,1013,0.0,0
2024-12-27,10.9,21.5,45,1016,0.0,0
2024-12-28,10.9,24.8,35,1014,0.0,0
2024-12-29,10.7,22.7,48,1013,0.0,0
2024-12-30,10.3,22.9,46,1017,0.0,0
2024-12-31,12.0,22.9,52,1014,0.0,0
2025-01-01,8.9,20.0,38,1015,0.0,0
2025-01-02,11.2,21.8,56,1017,0.0,0
2025-01-03,12.7,21.9,62,1015,0.0,0
2025-01-04,10.8,24.6,35,1014,0.0,0
2025-01-05,10.3,23.2,45,1018,0.0,0
2025-01-06,8.5,19.9,56,1016,0.0,0
2025-01-07,9.4,20.2,44,1016,0.0,0
2025-01-08,9.8,19.6,60,1013,0.0,0
2025-01-09,10.7,20.5,44,1014,0.0,0
2025-01-10,7.6,19.4,41,1011,11.9,1
2025-01-11,11.6,22.3,51,1018,0.0,0
2025-01-12,11.2,22.8,52,1014,0.0,0
2025-01-13,10.5,21.4,46,1017,0.0,0
2025-01-14,9.8,20.1,48,1018,0.0,0
2025-01-15,11.2,21.4,52,1014,0.0,0
2025-01-16,9.3,21.6,41,1018,0.0,0
2025-01-17,9.7,21.2,51,1008,0.0,0
2025-01-18,9.9,20.0,59,1016,0.0,0
2025-01-19,8.8,22.1,41,1015,0.0,0
2025-01-20,10.6,19.3,60,1014,0.0,0
2025-01-21,11.9,22.5,42,1016,0.0,0
2025-01-22,11.5,20.4,54,1018,0.0,0
2025-01-23,9.5,21.5,57,1011,0.0,0
2025-01-24,10.9,21.0,53,1011,0.0,0
2025-01-25,12.1,21.5,43,1020,0.0,0
2025-01-26,10.0,20.2,40,1013,0.0,0
2025-01-27,13.0,19.3,66,1012,0.0,0
2025-01-28,11.9,23.6,54,1013,0.0,0
2025-01-29,10.1,22.1,49,1015,0.0,0
2025-01-30,9.9,23.3,43,1017,0.0,0
2025-01-31,11.3,17.7,57,1012,0.0,0
2025-02-01,12.8,24.3,60,1013,0.0,0
2025-02-02,11.1,24.1,45,1015,0.0,0
2025-02-03,11.6,25.9,48,1016,0.0,0
2025-02-04,13.2,21.5,59,1016,0.0,0
2025-02-05,13.2,24.7,49,1016,0.0,0
2025-02-06,14.0,23.8,49,1013,0.0,0
2025-02-07,13.1,24.2,54,1012,0.0,0
2025-02-08,11.5,25.9,42,1013,0.0,0
2025-02-09,15.1,21.1,52,1017,0.0,0
2025-02-10,13.0,24.6,59,1014,0.0,0
2025-02-11,12.6,22.3,52,1014,0.0,0
2025-02-12,16.0,25.4,56,1015,0.0,0
2025-02-13,12.4,24.3,53,1018,0.0,0
2025-02-14,13.8,27.0,46,1015,0.0,0
2025-02-15,12.4,26.1,50,1017,0.0,0
2025-02-16,11.5,23.3,57,1015,0.0,0
2025-02-17,13.3,23.4,52,1017,0.0,0
2025-02-18,14.3,27.5,51,1013,0.0,0
2025-02-19,14.7,24.6,55,1014,0.0,0
2025-02-20,15.1,24.7,53,1012,0.0,0
2025-02-21,15.5,23.8,70,1012,0.0,0
2025-02-22,14.3,25.7,50,1016,0.0,0
2025-02-23,12.1,28.0,41,1014,0.0,0
2025-02-24,12.9,26.7,46,1010,0.0,0
2025-02-25,15.3,25.4,61,1011,0.0,0
2025-02-26,16.9,24.8,61,1012,0.0,0
2025-02-27,15.9,28.4,44,1015,0.0,0
2025-02-28,14.7,28.5,48,1015,0.0,0
2025-03-01,15.8,27.6,55,1014,0.0,0
2025-03-02,15.5,28.3,48,1011,0.0,0
2025-03-03,17.1,28.3,44,1018,0.0,0
2025-03-04,15.6,28.6,46,1012,0.0,0
2025-03-05,16.4,30.8,47,1018,0.0,0
2025-03-06,15.5,29.1,57,1011,0.0,0
2025-03-07,14.9,31.3,34,1011,0.0,0
2025-03-08,13.2,30.9,48,1013,0.0,0
2025-03-09,16.0,29.5,53,1010,0.0,0
2025-03-10,15.6,31.6,49,1016,0.0,0
2025-03-11,16.5,35.3,44,1014,0.0,0
2025-03-12,16.6,31.6,34,1013,0.0,0
2025-03-13,15.8,33.2,27,1016,0.0,0
2025-03-14,17.9,33.1,34,1011,0.0,0
2025-03-15,17.6,33.7,37,1009,0.0,0
2025-03-16,16.4,31.3,33,1011,0.0,0
2025-03-17,17.5,35.8,42,1013,0.0,0
2025-03-18,18.7,33.2,42,1013,0.0,0
2025-03-19,18.0,32.2,39,1011,0.0,0
2025-03-20,17.8,29.8,48,1010,33.6,1
2025-03-21,17.3,34.9,34,1014,0.0,0
2025-03-22,18.5,32.4,54,1011,0.0,0
2025-03-23,18.9,35.4,38,1014,0.0,0
2025-03-24,16.1,31.8,41,1014,0.0,0
2025-03-25,17.7,34.4,41,1009,0.0,0
2025-03-26,19.6,36.4,41,1014,0.0,0
2025-03-27,19.4,32.0,55,1014,0.0,0
2025-03-28,19.3,34.3,51,1012,0.0,0
2025-03-29,19.2,35.6,35,1010,0.0,0
2025-03-30,20.6,35.2,51,1006,0.0,0
2025-03-31,19.6,34.1,44,1011,0.0,0
2025-04-01,22.1,33.6,45,1009,0.0,0
2025-04-02,19.6,34.5,42,1014,0.0,0
2025-04-03,19.9,35.8,43,1010,0.0,0
2025-04-04,22.5,35.6,56,1011,0.0,0
2025-04-05,22.0,33.9,45,1010,1.1,1
2025-04-06,22.4,39.0,36,1010,0.0,0
2025-04-07,21.3,37.3,47,1010,0.0,0
2025-04-08,23.1,36.5,51,1008,0.0,0
2025-04-09,21.7,36.6,40,1012,0.0,0
2025-04-10,22.4,36.5,45,1012,0.0,0
2025-04-11,19.3,36.2,27,1009,0.0,0
2025-04-12,23.9,33.0,55,1006,0.0,0
2025-04-13,22.0,39.7,45,1010,0.0,0
2025-04-14,19.9,36.7,47,1006,0.0,0
2025-04-15,22.6,35.5,33,1008,17.7,1
2025-04-16,24.1,39.2,38,1008,0.0,0
2025-04-17,22.5,36.8,38,1008,0.0,0
2025-04-18,22.6,38.9,40,1008,0.0,0
2025-04-19,22.4,37.8,46,1008,0.0,0
2025-04-20,21.6,39.9,29,1009,0.0,0
2025-04-21,25.7,39.1,42,1009,0.0,0
2025-04-22,21.1,38.8,36,1011,0.0,0
2025-04-23,25.4,39.3,50,1006,0.0,0
2025-04-24,22.0,39.2,25,1009,0.0,0
2025-04-25,24.7,38.7,44,1007,0.0,0
2025-04-26,25.4,40.7,44,1008,0.0,0
2025-04-27,24.1,38.2,34,1006,0.0,0
2025-04-28,22.8,36.2,45,1009,0.0,0
2025-04-29,23.8,40.9,26,1005,0.0,0
2025-04-30,23.3,39.2,34,1008,0.0,0
2025-05-01,24.3,42.5,32,1007,0.0,0
2025-05-02,25.7,38.2,46,1007,0.0,0
2025-05-03,24.8,39.4,32,1013,0.0,0
2025-05-04,23.7,40.7,28,1008,0.0,0
2025-05-05,24.3,37.7,45,1003,0.0,0
2025-05-06,25.8,42.5,40,1005,0.0,0
2025-05-07,24.3,41.3,27,1005,0.0,0
2025-05-08,25.4,38.6,49,1004,0.0,0
2025-05-09,24.7,36.1,50,1007,0.0,0
2025-05-10,27.5,41.5,40,1006,0.0,0
2025-05-11,24.5,40.1,46,1006,0.0,0
2025-05-12,25.0,42.3,47,1008,0.0,0
2025-05-13,25.7,42.1,40,1006,0.0,0
2025-05-14,25.9,38.8,50,1006,0.0,0
2025-05-15,24.7,42.2,35,1005,0.0,0
2025-05-16,26.1,42.5,43,1009,0.0,0
2025-05-17,26.1,43.3,37,1010,0.0,0
2025-05-18,25.4,39.4,42,1004,0.0,0
2025-05-19,25.5,39.4,55,1007,0.0,0
2025-05-20,26.9,41.2,39,1003,0.0,0
2025-05-21,26.8,41.4,42,1003,0.0,0
2025-05-22,25.9,37.8,39,1007,0.0,0
2025-05-23,25.7,41.0,40,1005,0.0,0
2025-05-24,25.7,42.7,36,1006,0.0,0
2025-05-25,22.6,39.3,46,1002,0.0,0
2025-05-26,27.4,37.6,62,1001,0.0,0
2025-05-27,24.4,38.5,43,1004,0.0,0
2025-05-28,30.4,39.7,52,1001,0.0,0
2025-05-29,27.8,37.7,69,1004,0.0,0
2025-05-30,26.1,38.7,44,1007,0.0,0
2025-05-31,26.5,37.1,44,1002,0.0,0
2025-06-01,25.6,39.1,66,1004,0.0,0
2025-06-02,26.9,34.6,76,997,7.9,1
2025-06-03,27.8,36.6,70,997,0.0,0
2025-06-04,25.4,38.7,72,999,0.0,0
2025-06-05,29.0,32.7,88,997,29.7,1
2025-06-06,27.6,37.5,67,998,0.0,0
2025-06-07,25.8,37.0,77,1002,0.0,0
2025-06-08,26.9,35.7,69,999,0.0,0
2025-06-09,25.7,40.4,71,999,0.0,0
2025-06-10,27.1,34.5,78,998,7.8,1
2025-06-11,28.6,33.2,86,1000,2.5,1
2025-06-12,26.4,34.0,78,998,58.1,1
2025-06-13,26.3,33.0,77,998,82.6,1
2025-06-14,26.5,37.2,74,1001,0.0,0
2025-06-15,24.6,35.7,72,1001,0.0,0
2025-06-16,25.5,34.6,75,997,17.6,1
2025-06-17,25.3,32.7,78,995,11.5,1
2025-06-18,27.4,35.6,77,1002,3.4,1
2025-06-19,25.5,32.3,81,999,3.3,1
2025-06-20,26.3,29.9,82,993,72.2,1
2025-06-21,25.1,32.3,86,999,5.6,1
2025-06-22,26.7,31.5,80,998,18.8,1
2025-06-23,27.3,30.7,79,998,10.7,1
2025-06-24,24.0,36.7,68,1005,0.0,0
2025-06-25,26.5,32.3,72,999,6.3,1
2025-06-26,26.6,30.5,75,996,32.6,1
2025-06-27,25.9,30.0,81,997,29.0,1
2025-06-28,25.7,33.7,74,1001,0.0,0
2025-06-29,26.8,33.4,85,998,4.6,1
2025-06-30,25.1,31.5,84,998,24.0,1
2025-07-01,26.8,29.6,82,994,15.7,1
2025-07-02,24.5,31.4,73,999,0.0,0
2025-07-03,27.6,29.3,82,999,5.3,1
2025-07-04,25.6,29.7,80,995,16.6,1
2025-07-05,26.0,31.2,86,993,23.3,1
2025-07-06,27.0,28.7,85,994,11.6,1
2025-07-07,26.9,34.7,70,1002,0.0,0
2025-07-08,25.4,36.4,72,1003,0.0,0
2025-07-09,27.5,31.4,79,1000,0.0,0
2025-07-10,27.2,31.1,84,997,5.6,1
2025-07-11,27.5,31.6,85,997,4.3,1
2025-07-12,24.9,26.2,85,995,9.6,1
2025-07-13,25.8,28.1,84,995,22.8,1
2025-07-14,26.7,30.9,82,996,5.1,1
2025-07-15,26.5,28.2,79,997,42.1,1
2025-07-16,25.6,30.7,80,995,0.0,0
2025-07-17,27.1,28.6,78,1001,14.1,1
2025-07-18,27.0,32.2,70,999,0.0,0
2025-07-19,25.1,30.2,84,996,37.1,1
2025-07-20,25.0,31.4,75,999,0.0,0
2025-07-21,23.1,28.7,76,996,7.4,1
2025-07-22,28.0,29.7,82,996,20.3,1
2025-07-23,26.8,30.9,86,995,1.6,1
2025-07-24,25.3,28.1,80,992,34.4,1
2025-07-25,24.8,28.0,86,998,0.2,1
2025-07-26,24.3,29.6,87,996,27.9,1
2025-07-27,26.3,28.5,87,993,43.9,1
2025-07-28,25.2,31.5,77,996,8.3,1
2025-07-29,25.1,28.2,75,998,45.8,1
2025-07-30,26.2,31.9,75,998,14.7,1
2025-07-31,25.2,27.3,86,998,11.0,1
2025-08-01,26.9,29.8,82,996,13.6,1
2025-08-02,26.6,31.8,74,997,0.0,0
2025-08-03,25.9,28.9,83,1000,14.5,1
2025-08-04,25.6,32.1,80,996,3.4,1
2025-08-05,23.3,29.8,79,997,9.8,1
2025-08-06,25.9,31.6,81,999,1.0,1
2025-08-07,25.2,29.1,87,994,14.0,1
2025-08-08,27.2,27.4,76,998,32.9,1
2025-08-09,25.5,29.3,84,995,10.8,1
2025-08-10,26.5,28.7,82,998,27.9,1
2025-08-11,25.5,29.5,78,995,16.8,1
2025-08-12,24.6,29.1,80,992,7.1,1
2025-08-13,26.9,28.5,80,999,18.2,1
2025-08-14,24.6,25.9,86,994,29.0,1
2025-08-15,24.2,32.9,74,1001,0.0,0
2025-08-16,22.8,31.4,81,1002,0.8,1
2025-08-17,27.2,28.6,90,996,30.3,1
2025-08-18,24.5,30.5,81,996,7.6,1
2025-08-19,23.5,28.0,80,996,94.0,1
2025-08-20,25.7,30.1,72,1000,0.0,0
2025-08-21,22.9,31.2,80,996,63.1,1
2025-08-22,23.4,29.6,80,997,8.9,1
2025-08-23,24.7,26.1,81,997,62.1,1
2025-08-24,24.8,31.5,85,1001,0.0,0
2025-08-25,25.0,30.3,83,997,3.8,1
2025-08-26,25.3,26.7,79,996,8.8,1
2025-08-27,24.0,25.9,85,999,54.5,1
2025-08-28,24.5,31.0,80,999,1.1,1
2025-08-29,24.0,30.8,84,996,12.9,1
2025-08-30,24.8,31.7,72,998,0.0,0
2025-08-31,26.2,31.1,77,1001,4.6,1
2025-09-01,28.3,33.2,64,1004,0.0,0
2025-09-02,25.0,31.0,60,1000,0.0,0
2025-09-03,24.2,33.9,46,1001,0.0,0
2025-09-04,26.5,32.3,64,1002,0.0,0
2025-09-05,25.3,31.3,56,1001,0.0,0
2025-09-06,23.0,34.7,52,1004,0.0,0
2025-09-07,23.5,31.0,59,1001,0.0,0
2025-09-08,23.7,30.6,64,1000,0.0,0
2025-09-09,23.3,33.1,49,1000,0.0,0
2025-09-10,22.1,33.0,61,1004,0.0,0
2025-09-11,24.1,31.4,61,1001,0.0,0
2025-09-12,22.5,31.4,49,1004,0.0,0
2025-09-13,24.6,30.8,43,1006,0.0,0
2025-09-14,22.9,35.3,51,1004,0.0,0
2025-09-15,22.3,32.6,49,1001,0.0,0
2025-09-16,23.8,32.3,58,1005,0.0,0
2025-09-17,21.7,33.0,52,1004,0.0,0
2025-09-18,22.3,31.5,60,1003,0.0,0
2025-09-19,23.2,31.5,55,1007,2.7,1
2025-09-20,24.9,32.6,59,1005,0.0,0
2025-09-21,22.7,34.2,46,1008,0.0,0
2025-09-22,22.3,34.4,53,1004,0.0,0
2025-09-23,22.7,33.2,50,1009,0.0,0
2025-09-24,22.3,30.0,62,1007,0.0,0
2025-09-25,22.3,29.3,60,1005,1.6,1
2025-09-26,23.7,34.4,47,1007,0.0,0
2025-09-27,20.8,33.8,40,1007,0.0,0
2025-09-28,21.8,33.5,51,1008,0.0,0
2025-09-29,22.1,36.0,39,1006,0.0,0
2025-09-30,19.6,30.9,49,1008,0.0,0
2025-10-01,23.7,32.4,64,1005,0.0,0
2025-10-02,21.7,31.0,54,1005,0.0,0
2025-10-03,21.4,32.1,59,1005,0.0,0
2025-10-04,21.9,32.0,54,1007,0.0,0
2025-10-05,19.0,32.4,41,1002,0.0,0
2025-10-06,20.4,33.3,49,1005,0.0,0
2025-10-07,20.7,31.9,49,1005,0.0,0
2025-10-08,20.1,31.8,40,1010,0.0,0
2025-10-09,18.9,33.0,55,1006,0.0,0
2025-10-10,21.8,33.1,56,1006,0.0,0
2025-10-11,21.1,28.9,51,1008,0.0,0
2025-10-12,18.4,29.5,50,1011,0.0,0
2025-10-13,18.7,29.5,53,1010,0.0,0
2025-10-14,19.2,31.1,53,1007,0.0,0
2025-10-15,19.8,29.0,52,1006,0.0,0
2025-10-16,19.1,31.3,46,1010,0.0,0
2025-10-17,17.1,34.1,40,1007,0.0,0
2025-10-18,20.5,32.4,60,1009,0.0,0
2025-10-19,18.2,30.2,64,1008,0.0,0
2025-10-20,18.3,33.5,28,1007,0.0,0
2025-10-21,18.3,32.3,49,1010,0.0,0
2025-10-22,19.5,34.2,44,1010,0.0,0
2025-10-23,17.5,32.8,45,1008,0.0,0
2025-10-24,17.0,32.2,42,1009,0.0,0
2025-10-25,16.6,32.2,35,1010,0.0,0
2025-10-26,16.8,31.3,47,1010,0.0,0
2025-10-27,17.2,30.6,48,1009,0.0,0
2025-10-28,18.7,32.2,42,1010,0.0,0
2025-10-29,16.5,33.3,36,1012,0.0,0
2025-10-30,17.1,30.7,38,1011,0.0,0
2025-10-31,15.2,32.4,34,1013,0.0,0
2025-11-01,15.2,29.2,43,1010,0.0,0
2025-11-02,15.4,28.8,41,1013,0.0,0
2025-11-03,14.0,30.3,39,1014,0.0,0
2025-11-04,16.8,29.3,49,1011,0.0,0
2025-11-05,14.6,27.1,57,1013,0.0,0
2025-11-06,15.8,29.2,44,1014,0.0,0
2025-11-07,14.9,26.3,38,1006,13.6,1
2025-11-08,15.6,30.4,34,1010,0.0,0
2025-11-09,15.9,29.9,50,1007,0.0,0
2025-11-10,13.9,28.2,45,1011,0.0,0
2025-11-11,14.0,27.1,50,1016,0.0,0
2025-11-12,14.1,27.6,35,1012,0.0,0
2025-11-13,13.6,28.3,37,1015,0.0,0
2025-11-14,15.0,25.8,46,1009,0.0,0
2025-11-15,13.0,28.1,36,1012,0.0,0
2025-11-16,15.6,25.5,48,1015,0.0,0
2025-11-17,13.0,27.6,37,1014,0.0,0
2025-11-18,17.1,27.3,41,1015,0.0,0
2025-11-19,13.0,28.1,44,1011,0.0,0
2025-11-20,13.3,24.4,61,1010,0.0,0
2025-11-21,15.1,28.5,39,1011,0.0,0
2025-11-22,12.9,27.6,40,1012,0.0,0
2025-11-23,13.8,27.8,41,1010,0.0,0
2025-11-24,13.7,27.3,45,1015,0.0,0
2025-11-25,13.3,25.1,47,1010,0.0,0
2025-11-26,12.1,25.3,47,1011,0.0,0
2025-11-27,11.5,27.7,50,1014,0.0,0
2025-11-28,13.8,26.6,48,1015,0.0,0
2025-11-29,14.0,26.6,47,1010,0.0,0
2025-11-30,12.4,23.4,49,1011,0.0,0
2025-12-01,10.9,23.3,50,1012,0.0,0
2025-12-02,11.9,24.7,47,1010,0.0,0
2025-12-03,13.2,24.0,54,1012,0.0,0
2025-12-04,13.9,24.5,48,1015,0.0,0
2025-12-05,12.0,24.0,52,1014,0.0,0
2025-12-06,10.9,24.8,53,1014,0.0,0
2025-12-07,13.0,24.8,46,1016,0.0,0
2025-12-08,12.5,23.8,52,1014,0.0,0
2025-12-09,11.8,22.6,58,1012,0.0,0
2025-12-10,11.1,24.5,54,1016,0.0,0
2025-12-11,9.5,22.3,54,1014,0.0,0
2025-12-12,11.0,25.7,49,1015,0.0,0
2025-12-13,10.6,22.8,47,1013,0.0,0
2025-12-14,8.7,25.2,36,1015,0.0,0
2025-12-15,8.6,23.2,41,1014,0.0,0
2025-12-16,10.1,23.5,41,1018,0.0,0
2025-12-17,11.9,21.0,33,1012,21.0,1
2025-12-18,11.3,23.4,47,1014,0.0,0
2025-12-19,11.8,22.2,42,1014,0.0,0
2025-12-20,9.9,22.9,44,1013,0.0,0
2025-12-21,10.4,24.7,43,1013,0.0,0
2025-12-22,10.4,21.8,47,1017,0.0,0
2025-12-23,12.8,23.1,53,1014,0.0,0
2025-12-24,11.3,23.8,48,1016,0.0,0
2025-12-25,9.5,21.5,37,1020,0.0,0
2025-12-26,10.3,21.7,48,1015,0.0,0
2025-12-27,12.5,20.1,59,1014,0.0,0
2025-12-28,10.5,21.7,42,1012,6.2,1
2025-12-29,8.7,23.1,46,1014,0.0,0
2025-12-30,10.1,23.2,45,1016,0.0,0
2025-12-31,10.3,21.7,51,1018,0.0,0
